Serial Number,Title,Page Link,PDF Link,Download Status
1,Deadpool & Wolverine,https://www.scriptslug.com/script/deadpool-wolverine-2024,https://assets.scriptslug.com/live/pdf/scripts/deadpool-and-wolverine-2024.pdf?v=1735779258,True
2,Blitz,https://www.scriptslug.com/script/blitz-2024,https://assets.scriptslug.com/live/pdf/scripts/blitz-2024.pdf?v=1735777422,True
3,A Real Pain,https://www.scriptslug.com/script/a-real-pain-2024,https://assets.scriptslug.com/live/pdf/scripts/a-real-pain-2024.pdf?v=1735776819,True
4,Challengers,https://www.scriptslug.com/script/challengers-2024,https://assets.scriptslug.com/live/pdf/scripts/challengers-2024.pdf?v=1735776661,True
5,Blink Twice,https://www.scriptslug.com/script/blink-twice-2024,https://assets.scriptslug.com/live/pdf/scripts/blink-twice-2024.pdf?v=1735776411,True
6,Election,https://www.scriptslug.com/script/election-1999,https://assets.scriptslug.com/live/pdf/scripts/election-1999.pdf?v=1730829431,True
7,In the Tall Grass,https://www.scriptslug.com/script/in-the-tall-grass-2019,https://assets.scriptslug.com/live/pdf/scripts/in-the-tall-grass-2019.pdf?v=1729114929,True
8,Hall Pass,https://www.scriptslug.com/script/hall-pass-2011,https://assets.scriptslug.com/live/pdf/scripts/hall-pass-2011.pdf?v=1729114919,True
9,True DetectiveNight Country Part 6,https://www.scriptslug.com/script/true-detective-406-night-country-part-6-2024,https://assets.scriptslug.com/live/pdf/scripts/true-detective-406-night-country-part-6-2024.pdf?v=1729115053,True
10,The Mother,https://www.scriptslug.com/script/the-mother-2023,https://assets.scriptslug.com/live/pdf/scripts/the-mother-2023.pdf?v=1729115031,True
11,20th Century Girl,https://www.scriptslug.com/script/20th-century-girl-2022,https://assets.scriptslug.com/live/pdf/scripts/20th-century-girl-2022.pdf?v=1729114849,True
12,FargoWaiting for Dutch,https://www.scriptslug.com/script/fargo-201-waiting-for-dutch-2015,https://assets.scriptslug.com/live/pdf/scripts/fargo-201-waiting-for-dutch-2015.pdf?v=1729114906,True
13,FargoThe Crocodile's Dilemma,https://www.scriptslug.com/script/fargo-101-the-crocodiles-dilemma-2014,https://assets.scriptslug.com/live/pdf/scripts/fargo-101-the-crocodiles-dilemma-2014.pdf?v=1729114906,True
14,RipleyI A HARD MAN TO FIND,https://www.scriptslug.com/script/ripley-101-i-a-hard-man-to-find-2024,https://assets.scriptslug.com/live/pdf/scripts/ripley-101-i-a-hard-man-to-find-2024.pdf?v=1729114980,True
15,Baby ReindeerEpisode 4,https://www.scriptslug.com/script/baby-reindeer-104-episode-4-2024,https://assets.scriptslug.com/live/pdf/scripts/baby-reindeer-104-episode-4-2024.pdf?v=1729114865,True
16,The Killer,https://www.scriptslug.com/script/the-killer-2023,https://assets.scriptslug.com/live/pdf/scripts/the-killer-2023.pdf?v=1729115025,True
17,Memory,https://www.scriptslug.com/script/memory-2023,https://assets.scriptslug.com/live/pdf/scripts/memory-2023.pdf?v=1729114952,True
18,Asteroid City,https://www.scriptslug.com/script/asteroid-city-2023,https://assets.scriptslug.com/live/pdf/scripts/asteroid-city-2023.pdf?v=1729114863,True
19,HacksThere Is No Line,https://www.scriptslug.com/script/hacks-101-there-is-no-line-2021,https://assets.scriptslug.com/live/pdf/scripts/hacks-101-there-is-no-line-2021.pdf?v=1729114919,True
20,Tucker and Dale vs Evil,https://www.scriptslug.com/script/tucker-and-dale-vs-evil-2010,https://assets.scriptslug.com/live/pdf/scripts/tucker-and-dale-vs-evil-2010.pdf?v=1729115053,True
21,No One Will Save You,https://www.scriptslug.com/script/no-one-will-save-you-2023,https://assets.scriptslug.com/live/pdf/scripts/no-one-will-save-you-2023.pdf?v=1729114963,True
22,"Murder, She WroteIncident in Lot 7",https://www.scriptslug.com/script/murder-she-wrote-813-incident-in-lot-7-1992,https://assets.scriptslug.com/live/pdf/scripts/murder-she-wrote-813-incident-in-lot-7-1992.pdf?v=1729114958,True
23,Sh≈çgunAnjin,https://www.scriptslug.com/script/shogun-101-anjin-2024,https://assets.scriptslug.com/live/pdf/scripts/shogun-101-anjin-2024.pdf?v=1729114988,True
24,Inspector Gadget,https://www.scriptslug.com/script/inspector-gadget-1999,https://assets.scriptslug.com/live/pdf/scripts/inspector-gadget-1999.pdf?v=1729114931,True
25,Ricky Stanicky,https://www.scriptslug.com/script/ricky-stanicky-2024,https://assets.scriptslug.com/live/pdf/scripts/ricky-stanicky-2024.pdf?v=1729114980,True
26,Initiation,https://www.scriptslug.com/script/initiation-2016,https://assets.scriptslug.com/live/pdf/scripts/initiation-2016.pdf?v=1729114930,True
27,Zebra Girl,https://www.scriptslug.com/script/zebra-girl-2021,https://assets.scriptslug.com/live/pdf/scripts/zebra-girl-2021.pdf?v=1729115066,True
28,Howard the Duck,https://www.scriptslug.com/script/howard-the-duck-1986,https://assets.scriptslug.com/live/pdf/scripts/howard-the-duck-1986.pdf?v=1729114927,True
29,Miss Congeniality,https://www.scriptslug.com/script/miss-congeniality-2000,https://assets.scriptslug.com/live/pdf/scripts/miss-congeniality-2000.pdf?v=1729114954,True
30,Malignant,https://www.scriptslug.com/script/malignant-2021,https://assets.scriptslug.com/live/pdf/scripts/malignant-2021.pdf?v=1729114947,True
31,DeadwoodHere Was a Man,https://www.scriptslug.com/script/deadwood-104-here-was-a-man-2004,https://assets.scriptslug.com/live/pdf/scripts/deadwood-104-here-was-a-man-2004.pdf?v=1729114894,True
32,Parks and RecreationGreg Pikitis,https://www.scriptslug.com/script/parks-and-recreation-207-greg-pikitis-2009,https://assets.scriptslug.com/live/pdf/scripts/parks-and-recreation-207-greg-pikitis-2009_2024-03-27-220526_adty.pdf?v=1729114969,True
33,FuturamaFear of a Bot Planet,https://www.scriptslug.com/script/futurama-105-fear-of-a-bot-planet-1999,https://assets.scriptslug.com/live/pdf/scripts/futurama-105-fear-of-a-bot-planet-1999.pdf?v=1729114913,True
34,Miller's Girl,https://www.scriptslug.com/script/millers-girl-2024,https://assets.scriptslug.com/live/pdf/scripts/millers-girl-2024.pdf?v=1729114953,True
35,Leprechaun 2,https://www.scriptslug.com/script/leprechaun-2-1994,https://assets.scriptslug.com/live/pdf/scripts/leprechaun-2-1994.pdf?v=1729114941,True
36,No Hard Feelings,https://www.scriptslug.com/script/no-hard-feelings-2023,https://assets.scriptslug.com/live/pdf/scripts/no-hard-feelings-2023.pdf?v=1729114963,True
37,The Beekeeper,https://www.scriptslug.com/script/the-beekeeper-2024,https://assets.scriptslug.com/live/pdf/scripts/the-beekeeper-2024.pdf?v=1729115008,True
38,Night Nurse,https://www.scriptslug.com/script/night-nurse-1931,https://assets.scriptslug.com/live/pdf/scripts/night-nurse-1931.pdf?v=1729114961,True
39,PopstarNever Stop Never Stopping,https://www.scriptslug.com/script/popstar-never-stop-never-stopping-2016,https://assets.scriptslug.com/live/pdf/scripts/popstar-never-stop-stopping-2016.pdf?v=1729114972,True
40,Gemini Man,https://www.scriptslug.com/script/gemini-man-2019,https://assets.scriptslug.com/live/pdf/scripts/gemini-man-2019.pdf?v=1729114915,True
41,Fantastic BeastsThe Secrets of Dumbledore,https://www.scriptslug.com/script/fantastic-beasts-the-secrets-of-dumbledore-2022,https://assets.scriptslug.com/live/pdf/scripts/fantastic-beasts-the-secrets-of-dumbledore-2022.pdf?v=1729114906,True
42,Fantastic BeastsThe Crimes of Grindelwald,https://www.scriptslug.com/script/fantastic-beasts-the-crimes-of-grindelwald-2018,https://assets.scriptslug.com/live/pdf/scripts/fantastic-beasts-the-crimes-of-grindelwald-2018.pdf?v=1729114906,True
43,Fantastic Beasts and Where to Find Them,https://www.scriptslug.com/script/fantastic-beasts-and-where-to-find-them-2016,https://assets.scriptslug.com/live/pdf/scripts/fantastic-beasts-and-where-to-find-them-2016.pdf?v=1729114906,True
44,The Handmaid's TaleHolly,https://www.scriptslug.com/script/the-handmaids-tale-211-holly-2018,https://assets.scriptslug.com/live/pdf/scripts/the-handmaids-tale-211-holly-2018.pdf?v=1729115020,True
45,Menace II Society,https://www.scriptslug.com/script/menace-ii-society-1993,https://assets.scriptslug.com/live/pdf/scripts/menace-ii-society-1993.pdf?v=1729114952,True
46,The Iron Claw,https://www.scriptslug.com/script/the-iron-claw-2023,https://assets.scriptslug.com/live/pdf/scripts/iron-claw-2023.pdf?v=1729114931,True
47,Ferrari,https://www.scriptslug.com/script/ferrari-2023,https://assets.scriptslug.com/live/pdf/scripts/ferrari-2023.pdf?v=1729114907,True
48,The Color Purple,https://www.scriptslug.com/script/the-color-purple-2023,https://assets.scriptslug.com/live/pdf/scripts/the-color-purple-2023.pdf?v=1729115011,True
49,Napoleon,https://www.scriptslug.com/script/napoleon-2023,https://assets.scriptslug.com/live/pdf/scripts/napoleon-2023.pdf?v=1729114959,True
50,Past Lives,https://www.scriptslug.com/script/past-lives-2023,https://assets.scriptslug.com/live/pdf/scripts/past-lives-2023.pdf?v=1729114969,True
51,The Zone of Interest,https://www.scriptslug.com/script/the-zone-of-interest-2023,https://assets.scriptslug.com/live/pdf/scripts/the-zone-of-interest-2023.pdf?v=1729115047,True
52,Poor Things,https://www.scriptslug.com/script/poor-things-2023,https://assets.scriptslug.com/live/pdf/scripts/poor-things-2023.pdf?v=1729114972,True
53,John WickChapter 4,https://www.scriptslug.com/script/john-wick-chapter-4-2023,https://assets.scriptslug.com/live/pdf/scripts/john-wick-chapter-4-2023.pdf?v=1729114934,True
54,A Good Person,https://www.scriptslug.com/script/a-good-person-2023,https://assets.scriptslug.com/live/pdf/scripts/a-good-person-2023.pdf?v=1729114851,True
55,Origin,https://www.scriptslug.com/script/origin-2023,https://assets.scriptslug.com/live/pdf/scripts/origin-2023.pdf?v=1729114966,True
56,A Million Miles Away,https://www.scriptslug.com/script/a-million-miles-away-2023,https://assets.scriptslug.com/live/pdf/scripts/a-million-miles-away-2023.pdf?v=1729114852,True
57,Dream Scenario,https://www.scriptslug.com/script/dream-scenario-2023,https://assets.scriptslug.com/live/pdf/scripts/dream-scenario-2023.pdf?v=1729114899,True
58,Teenage Mutant Ninja TurtlesMutant Mayhem,https://www.scriptslug.com/script/teenage-mutant-ninja-turtles-mutant-mayhem-2023,https://assets.scriptslug.com/live/pdf/scripts/teenage-mutant-ninja-turtles-mutant-mayhem-2023.pdf?v=1729115004,True
59,Wonka,https://www.scriptslug.com/script/wonka-2023,https://assets.scriptslug.com/live/pdf/scripts/wonka-2023.pdf?v=1729115063,True
60,Mean Streets,https://www.scriptslug.com/script/mean-streets-1973,https://assets.scriptslug.com/live/pdf/scripts/mean-streets-1973.pdf?v=1729114951,True
61,FargoThe Law of Vacant Places,https://www.scriptslug.com/script/fargo-301-the-law-of-vacant-places-2017,https://assets.scriptslug.com/live/pdf/scripts/fargo-301-the-law-of-vacant-places-2017.pdf?v=1729114906,True
62,FargoWelcome to the Alternate Economy,https://www.scriptslug.com/script/fargo-401-welcome-to-the-alternate-economy-2020,https://assets.scriptslug.com/live/pdf/scripts/fargo-401-welcome-to-the-alternate-economy-2020_2024-01-20-184835_ikxd.pdf?v=1729114907,True
63,Our Flag Means DeathPilot,https://www.scriptslug.com/script/our-flag-means-death-101-pilot-2022,https://assets.scriptslug.com/live/pdf/scripts/our-flag-means-death-101-pilot-2022.pdf?v=1729114966,True
64,YellowstoneHorses in Heaven,https://www.scriptslug.com/script/yellowstone-504-horses-in-heaven-2022,https://assets.scriptslug.com/live/pdf/scripts/yellowstone-504-horses-in-heaven-2022.pdf?v=1729115065,True
65,Harry Potter and the Order of the Phoenix,https://www.scriptslug.com/script/harry-potter-and-the-order-of-the-phoenix-2007,https://assets.scriptslug.com/live/pdf/scripts/harry-potter-and-the-order-of-the-phoenix-2007.pdf?v=1729114922,True
66,Priscilla,https://www.scriptslug.com/script/priscilla-2023,https://assets.scriptslug.com/live/pdf/scripts/priscilla-2023.pdf?v=1729114974,True
67,WednesdayWednesday's Child Is Full of Woe,https://www.scriptslug.com/script/wednesday-101-wednesdays-child-is-full-of-woe-2022,https://assets.scriptslug.com/live/pdf/scripts/wednesday-101-wednesdays-child-is-full-of-woes-2022.pdf?v=1729115059,True
68,All of Us Strangers,https://www.scriptslug.com/script/all-of-us-strangers-2023,https://assets.scriptslug.com/live/pdf/scripts/all-of-us-strangers-2023.pdf?v=1729114857,True
69,The Hunger GamesCatching Fire,https://www.scriptslug.com/script/the-hunger-games-catching-fire-2013,https://assets.scriptslug.com/live/pdf/scripts/the-hunger-games-catching-fire-2013.pdf?v=1729115023,True
70,Anatomy of a Fall,https://www.scriptslug.com/script/anatomy-of-a-fall-2023,https://assets.scriptslug.com/live/pdf/scripts/anatomy-of-a-fall-2023.pdf?v=1729114860,True
71,May December,https://www.scriptslug.com/script/may-december-2023,https://assets.scriptslug.com/live/pdf/scripts/may-december-2023.pdf?v=1729114950,True
72,Maestro,https://www.scriptslug.com/script/maestro-2023,https://assets.scriptslug.com/live/pdf/scripts/maestro-2023.pdf?v=1729114947,True
73,American Fiction,https://www.scriptslug.com/script/american-fiction-2023,https://assets.scriptslug.com/live/pdf/scripts/american-fiction-2023.pdf?v=1729114858,True
74,BridgertonCapital R Rake,https://www.scriptslug.com/script/bridgerton-201-capital-r-rake-2022,https://assets.scriptslug.com/live/pdf/scripts/bridgerton-201-capital-r-rake-2022.pdf?v=1729114879,True
75,Rustin,https://www.scriptslug.com/script/rustin-2023,https://assets.scriptslug.com/live/pdf/scripts/rustin-2023.pdf?v=1729114983,True
76,Cassandro,https://www.scriptslug.com/script/cassandro-2023,https://assets.scriptslug.com/live/pdf/scripts/cassandro-2023.pdf?v=1729114883,True
77,BlackBerry,https://www.scriptslug.com/script/blackberry-2023,https://assets.scriptslug.com/live/pdf/scripts/blackberry-2023.pdf?v=1729114873,True
78,MoonlightingTwas the Episode Before Christmas,https://www.scriptslug.com/script/moonlighting-210-twas-the-episode-before-christmas-1985,https://assets.scriptslug.com/live/pdf/scripts/moonlighting-210-twas-the-episode-before-christmas-1985.pdf?v=1729114956,True
79,The Holdovers,https://www.scriptslug.com/script/the-holdovers-2023,https://assets.scriptslug.com/live/pdf/scripts/the-holdovers-2023.pdf?v=1729115022,True
80,Fred Claus,https://www.scriptslug.com/script/fred-claus-2007,https://assets.scriptslug.com/live/pdf/scripts/fred-claus-2007.pdf?v=1729114911,True
81,Freud's Last Session,https://www.scriptslug.com/script/freuds-last-session-2023,https://assets.scriptslug.com/live/pdf/scripts/freuds-last-session-2023.pdf?v=1729114911,True
82,The Teachers' Lounge,https://www.scriptslug.com/script/the-teachers-lounge-2023,https://assets.scriptslug.com/live/pdf/scripts/the-teachers-lounge-2023.pdf?v=1729115040,True
83,The Persian Version,https://www.scriptslug.com/script/the-persian-version-2023,https://assets.scriptslug.com/live/pdf/scripts/the-persian-version-2023.pdf?v=1729115034,True
84,Spider-ManAcross the Spider-Verse,https://www.scriptslug.com/script/spider-man-across-the-spider-verse-2023,https://assets.scriptslug.com/live/pdf/scripts/spider-man-across-the-spider-verse-2023.pdf?v=1729114995,True
85,Air,https://www.scriptslug.com/script/air-2023,https://assets.scriptslug.com/live/pdf/scripts/air-2023.pdf?v=1729114855,True
86,Barbie,https://www.scriptslug.com/script/barbie-2023,https://assets.scriptslug.com/live/pdf/scripts/barbie-2023.pdf?v=1729114866,True
87,Flora and Son,https://www.scriptslug.com/script/flora-and-son-2023,https://assets.scriptslug.com/live/pdf/scripts/flora-and-son-2023.pdf?v=1729114909,True
88,Foe,https://www.scriptslug.com/script/foe-2023,https://assets.scriptslug.com/live/pdf/scripts/foe-2023.pdf?v=1729114909,True
89,Shayda,https://www.scriptslug.com/script/shayda-2023,https://assets.scriptslug.com/live/pdf/scripts/shayda-2023.pdf?v=1729114988,True
90,Elemental,https://www.scriptslug.com/script/elemental-2023,https://assets.scriptslug.com/live/pdf/scripts/elemental-2023.pdf?v=1729114901,True
91,Fair Play,https://www.scriptslug.com/script/fair-play-2023,https://assets.scriptslug.com/live/pdf/scripts/fair-play-2023.pdf?v=1729114905,True
92,The Miracle Club,https://www.scriptslug.com/script/the-miracle-club-2023,https://assets.scriptslug.com/live/pdf/scripts/the-miracle-club-2023.pdf?v=1729115031,True
93,Bottoms,https://www.scriptslug.com/script/bottoms-2023,https://assets.scriptslug.com/live/pdf/scripts/bottoms-2023.pdf?v=1729114876,True
94,The Burial,https://www.scriptslug.com/script/the-burial-2023,https://assets.scriptslug.com/live/pdf/scripts/the-burial-2023.pdf?v=1729115011,True
95,Saltburn,https://www.scriptslug.com/script/saltburn-2023,https://assets.scriptslug.com/live/pdf/scripts/saltburn-2023.pdf?v=1729114984,True
96,Dumb Money,https://www.scriptslug.com/script/dumb-money-2023,https://assets.scriptslug.com/live/pdf/scripts/dumb-money-2023.pdf?v=1729114900,True
97,Shortcomings,https://www.scriptslug.com/script/shortcomings-2023,https://assets.scriptslug.com/live/pdf/scripts/shortcomings-2023.pdf?v=1729114989,True
98,Killers of the Flower Moon,https://www.scriptslug.com/script/killers-of-the-flower-moon-2023,https://assets.scriptslug.com/live/pdf/scripts/killers-of-the-flower-moon-2023.pdf?v=1729114936,True
99,Creed III,https://www.scriptslug.com/script/creed-iii-2023,https://assets.scriptslug.com/live/pdf/scripts/creed-iii-2023.pdf?v=1729114891,True
100,Jules,https://www.scriptslug.com/script/jules-2023,https://assets.scriptslug.com/live/pdf/scripts/jules-2023.pdf?v=1729114934,True
101,Carlito's Way,https://www.scriptslug.com/script/carlitos-way-1993,https://assets.scriptslug.com/live/pdf/scripts/carlitos-way-1993.pdf?v=1729114882,True
102,Whitney HoustonI Wanna Dance with Somebody,https://www.scriptslug.com/script/whitney-houston-i-wanna-dance-with-somebody-2022,https://assets.scriptslug.com/live/pdf/scripts/whitney-houston-i-wanna-dance-with-somebody-2022.pdf?v=1729115061,True
103,Red Heat,https://www.scriptslug.com/script/red-heat-1988,https://assets.scriptslug.com/live/pdf/scripts/red-heat-1988.pdf?v=1729114978,True
104,The SimpsonsBart vs. Thanksgiving,https://www.scriptslug.com/script/the-simpsons-207-bart-vs-thanksgiving-1990,https://assets.scriptslug.com/live/pdf/scripts/the-simpsons-207-bart-vs-thanksgiving-1990.pdf?v=1729115038,True
105,A Haunting in Venice,https://www.scriptslug.com/script/a-haunting-in-venice-2023,https://assets.scriptslug.com/live/pdf/scripts/a-haunting-in-venice-2023.pdf?v=1729114851,True
106,Anger Management,https://www.scriptslug.com/script/anger-management-2003,https://assets.scriptslug.com/live/pdf/scripts/anger-management-2003.pdf?v=1729114860,True
107,Prophetess,https://www.scriptslug.com/script/prophetess-2021,https://assets.scriptslug.com/live/pdf/scripts/prophetess-2021.pdf?v=1729114975,True
108,A Time to Kill,https://www.scriptslug.com/script/a-time-to-kill-1996,https://assets.scriptslug.com/live/pdf/scripts/a-time-to-kill-1996.pdf?v=1729114853,True
109,To Catch A Killer,https://www.scriptslug.com/script/to-catch-a-killer-2023,https://assets.scriptslug.com/live/pdf/scripts/to-catch-a-killer-2023.pdf?v=1729115050,True
110,Geostorm,https://www.scriptslug.com/script/geostorm-2017,https://assets.scriptslug.com/live/pdf/scripts/geostorm-2017.pdf?v=1729114915,True
111,The Cotton Club,https://www.scriptslug.com/script/the-cotton-club-1984,https://assets.scriptslug.com/live/pdf/scripts/the-cotton-club-1984.pdf?v=1729115012,True
112,Identity,https://www.scriptslug.com/script/identity-2003,https://assets.scriptslug.com/live/pdf/scripts/identity-2003.pdf?v=1729114928,True
113,12 Strong,https://www.scriptslug.com/script/12-strong-2018,https://assets.scriptslug.com/live/pdf/scripts/12-strong-2018.pdf?v=1729114847,True
114,Chariots of Fire,https://www.scriptslug.com/script/chariots-of-fire-1981,https://assets.scriptslug.com/live/pdf/scripts/chariots-of-fire-1981.pdf?v=1729114884,True
115,Halloween 5The Revenge of Michael Myers,https://www.scriptslug.com/script/halloween-5-the-revenge-of-michael-myers-1989,https://assets.scriptslug.com/live/pdf/scripts/halloween-5-1989.pdf?v=1729114920,True
116,Halloween,https://www.scriptslug.com/script/halloween-2018,https://assets.scriptslug.com/live/pdf/scripts/halloween-2018_2024-01-09-005255_xwtn.pdf?v=1729114920,True
117,Scream VI,https://www.scriptslug.com/script/scream-vi-2023,https://assets.scriptslug.com/live/pdf/scripts/scream-vi-2023.pdf?v=1729114985,True
118,The Nutty Professor,https://www.scriptslug.com/script/the-nutty-professor-1995,https://assets.scriptslug.com/live/pdf/scripts/the-nutty-professor-1995.pdf?v=1729115033,True
119,Charlie and the Chocolate Factory,https://www.scriptslug.com/script/charlie-and-the-chocolate-factory-2005,https://assets.scriptslug.com/live/pdf/scripts/charlie-and-the-choclate-factory-2005.pdf?v=1729114884,True
120,Vengeance,https://www.scriptslug.com/script/vengeance-2022,https://assets.scriptslug.com/live/pdf/scripts/vengeance-2022.pdf?v=1729115057,True
121,The Witches,https://www.scriptslug.com/script/the-witches-1990,https://assets.scriptslug.com/live/pdf/scripts/the-witches-1990.pdf?v=1729115044,True
122,The Island of Dr. Moreau,https://www.scriptslug.com/script/the-island-of-dr-moreau-1996,https://assets.scriptslug.com/live/pdf/scripts/the-island-of-dr-moreau-1996.pdf?v=1729115024,True
123,Get Carter,https://www.scriptslug.com/script/get-carter-1971,https://assets.scriptslug.com/live/pdf/scripts/get-carter-1971.pdf?v=1729114915,True
124,Dirty Harry,https://www.scriptslug.com/script/dirty-harry-1971,https://assets.scriptslug.com/live/pdf/scripts/dirty-harry-1971.pdf?v=1729114896,True
125,Jason Goes to HellThe Final Friday,https://www.scriptslug.com/script/jason-goes-to-hell-the-final-friday-1993,https://assets.scriptslug.com/live/pdf/scripts/jason-goes-to-hell-the-final-friday1993.pdf?v=1729114933,True
126,Darker Than Amber,https://www.scriptslug.com/script/darker-than-amber-1970,https://assets.scriptslug.com/live/pdf/scripts/darker-than-amber-1970.pdf?v=1729114893,True
127,The Entity,https://www.scriptslug.com/script/the-entity-1982,https://assets.scriptslug.com/live/pdf/scripts/the-entity-1983.pdf?v=1729115014,True
128,Audrey Rose,https://www.scriptslug.com/script/audrey-rose-1977,https://assets.scriptslug.com/live/pdf/scripts/audrey-rose-1977.pdf?v=1729114864,True
129,A Knock at the Cabin,https://www.scriptslug.com/script/a-knock-at-the-cabin-2023,https://assets.scriptslug.com/live/pdf/scripts/a-knock-at-the-cabin-2023.pdf?v=1729114852,True
130,Halloween Kills,https://www.scriptslug.com/script/halloween-kills-2021,https://assets.scriptslug.com/live/pdf/scripts/halloween-kills-2021.pdf?v=1729114920,True
131,Gunpowder Milkshake,https://www.scriptslug.com/script/gunpowder-milkshake-2021,https://assets.scriptslug.com/live/pdf/scripts/gunpowder-milkshake-2021.pdf?v=1729114919,True
132,"Good Morning, Vietnam",https://www.scriptslug.com/script/good-morning-vietnam-1987,https://assets.scriptslug.com/live/pdf/scripts/good-morning-vietnam-1987.pdf?v=1729114917,True
133,Only the Brave,https://www.scriptslug.com/script/only-the-brave-2017,https://assets.scriptslug.com/live/pdf/scripts/only-the-brave-2017.pdf?v=1729114966,True
134,Big MouthNick Starr,https://www.scriptslug.com/script/big-mouth-406-nick-starr-2020,https://assets.scriptslug.com/live/pdf/scripts/big-mouth-406-nick-starr-2020.pdf?v=1729114871,True
135,MissionImpossible - Fallout,https://www.scriptslug.com/script/mission-impossible-fallout-2018,https://assets.scriptslug.com/live/pdf/scripts/mission-impossible-fallout-2018.pdf?v=1729114954,True
136,Prey,https://www.scriptslug.com/script/prey-2022,https://assets.scriptslug.com/live/pdf/scripts/prey-2022.pdf?v=1729114974,True
137,Amsterdam,https://www.scriptslug.com/script/amsterdam-2022,https://assets.scriptslug.com/live/pdf/scripts/amsterdam-2022.pdf?v=1729114859,True
138,The Incredible Burt Wonderstone,https://www.scriptslug.com/script/the-incredible-burt-wonderstone-2013,https://assets.scriptslug.com/live/pdf/scripts/the-incredible-burt-wonderstone-2013.pdf?v=1729115023,True
139,The Morning ShowIn the Dark Night of the Soul It's Always 330 in the Morning,https://www.scriptslug.com/script/the-morning-show-101-in-the-dark-night-of-the-soul-its-always-330-in-the-morning-2019,https://assets.scriptslug.com/live/pdf/scripts/the-morning-show-101-in-the-dark-night-of-the-soul-its-always-330-in-the-morning-2019.pdf?v=1729115031,True
140,The King of Comedy,https://www.scriptslug.com/script/the-king-of-comedy-1982,https://assets.scriptslug.com/live/pdf/scripts/the-king-of-comedy-1982.pdf?v=1729115025,True
141,WandaVisionAll-New Halloween Spooktacular!,https://www.scriptslug.com/script/wandavision-106-all-new-halloween-spooktacular-2021,https://assets.scriptslug.com/live/pdf/scripts/wandavision-all-new-halloween-spooktacular-2021.pdf?v=1729115058,True
142,Chaplin,https://www.scriptslug.com/script/chaplin-1992,https://assets.scriptslug.com/live/pdf/scripts/chaplin-1992.pdf?v=1729114884,True
143,Swingers,https://www.scriptslug.com/script/swingers-1996,https://assets.scriptslug.com/live/pdf/scripts/swingers-1996.pdf?v=1729115003,True
144,Leaving Las Vegas,https://www.scriptslug.com/script/leaving-las-vegas-1995,https://assets.scriptslug.com/live/pdf/scripts/leaving-las-vegas-1995.pdf?v=1729114940,True
145,Only Murders in the BuildingTrue Crime,https://www.scriptslug.com/script/only-murders-in-the-building-101-true-crime-2021,https://assets.scriptslug.com/live/pdf/scripts/only-murders-in-the-building-101-true-crime-2021.pdf?v=1729114965,True
146,Talladega NightsThe Ballad of Ricky Bobby,https://www.scriptslug.com/script/talladega-nights-the-ballad-of-ricky-bobby-2006,https://assets.scriptslug.com/live/pdf/scripts/talladega-nights-2006.pdf?v=1729115003,True
147,The Royal Tenenbaums,https://www.scriptslug.com/script/the-royal-tenenbaums-2001,https://assets.scriptslug.com/live/pdf/scripts/royal-tenenbaums-2000.pdf?v=1729114982,True
148,Oppenheimer,https://www.scriptslug.com/script/oppenheimer-2023,https://assets.scriptslug.com/live/pdf/scripts/oppenheimer-2023.pdf?v=1729114966,True
149,Poker FaceDead Man's Hand,https://www.scriptslug.com/script/poker-face-101-dead-mans-hand-2023,https://assets.scriptslug.com/live/pdf/scripts/poker-face-101-dead-mans-hand-2023.pdf?v=1729114972,True
150,EuphoriaOut of Touch,https://www.scriptslug.com/script/euphoria-202-out-of-touch-2022,https://assets.scriptslug.com/live/pdf/scripts/euphoria-202-out-of-touch-2022.pdf?v=1729114904,True
151,Surrogates,https://www.scriptslug.com/script/surrogates-2009,https://assets.scriptslug.com/live/pdf/scripts/surrogates-2009.pdf?v=1729115002,True
152,FuturamaThe Series Has Landed,https://www.scriptslug.com/script/futurama-102-the-series-has-landed-1999,https://assets.scriptslug.com/live/pdf/scripts/futurama-102-the-series-has-landed-1999.pdf?v=1729114913,True
153,DeadwoodReconnoitering the Rim,https://www.scriptslug.com/script/deadwood-103-reconnoitering-the-rim-2004,https://assets.scriptslug.com/live/pdf/scripts/deadwood-103-reconnoitering-the-rim-2004.pdf?v=1729114894,True
154,The Jewel of the Nile,https://www.scriptslug.com/script/the-jewel-of-the-nile-1985,https://assets.scriptslug.com/live/pdf/scripts/the-jewel-of-the-nile-1985.pdf?v=1729115024,True
155,Lean on Me,https://www.scriptslug.com/script/lean-on-me-1989,https://assets.scriptslug.com/live/pdf/scripts/lean-on-me-1989.pdf?v=1729114940,True
156,Wise Guys,https://www.scriptslug.com/script/wise-guys-1986,https://assets.scriptslug.com/live/pdf/scripts/wise-guys-1986.pdf?v=1729115062,True
157,Weird Science,https://www.scriptslug.com/script/weird-science-1985,https://assets.scriptslug.com/live/pdf/scripts/weird-science-1985.pdf?v=1729115059,True
158,Sixteen Candles,https://www.scriptslug.com/script/sixteen-candles-1984,https://assets.scriptslug.com/live/pdf/scripts/sixteen-candles-1984.pdf?v=1729114991,True
159,HannibalThe Number of the Beast Is 666,https://www.scriptslug.com/script/hannibal-312-the-number-of-the-beast-is-666-2015,https://assets.scriptslug.com/live/pdf/scripts/hannibal-312-the-number-of-the-beast-is-666-2015.pdf?v=1729114921,True
160,Tango & Cash,https://www.scriptslug.com/script/tango-cash-1989,https://assets.scriptslug.com/live/pdf/scripts/tango-and-cash-1989.pdf?v=1729115003,True
161,Joe vs. CaroleUnwanted Animals,https://www.scriptslug.com/script/joe-vs-carole-101-unwanted-animals-2022,https://assets.scriptslug.com/live/pdf/scripts/joe-exotic-101-unwanted-animals-2022.pdf?v=1729114934,True
162,Cowboy BebopSad Clown A-Go-Go,https://www.scriptslug.com/script/cowboy-bebop-108-sad-clown-a-go-go-2021,https://assets.scriptslug.com/live/pdf/scripts/cowboy-bebop-108-sad-clown-a-go-go-2021.pdf?v=1729114891,True
163,Saint Frances,https://www.scriptslug.com/script/saint-frances-2019,https://assets.scriptslug.com/live/pdf/scripts/saint-frances-2019.pdf?v=1729114983,True
164,Beau is Afraid,https://www.scriptslug.com/script/beau-is-afraid-2023,https://assets.scriptslug.com/live/pdf/scripts/beau-is-afraid-2023.pdf?v=1729114869,True
165,Selena,https://www.scriptslug.com/script/selena-1997,https://assets.scriptslug.com/live/pdf/scripts/selena-1997.pdf?v=1729114986,True
166,Film Stars Don't Die in Liverpool,https://www.scriptslug.com/script/film-stars-dont-die-in-liverpool-2017,https://assets.scriptslug.com/live/pdf/scripts/film-stars-dont-die-in-liverpool-2017.pdf?v=1729114908,True
167,A League of Their Own,https://www.scriptslug.com/script/a-league-of-their-own-1992,https://assets.scriptslug.com/live/pdf/scripts/a-league-of-their-own-1992.pdf?v=1729114852,True
168,Mr. Mom,https://www.scriptslug.com/script/mr-mom-1983,https://assets.scriptslug.com/live/pdf/scripts/mr-mom-1983.pdf?v=1729114957,True
169,Emma,https://www.scriptslug.com/script/emma-2020,https://assets.scriptslug.com/live/pdf/scripts/emma-2020.pdf?v=1729114902,True
170,Sanford and SonMy Fair Esther,https://www.scriptslug.com/script/sanford-and-son-509-my-fair-esther-1975,https://assets.scriptslug.com/live/pdf/scripts/sanford-and-son-509-my-fair-esther-1975.pdf?v=1729114984,True
171,The X-FilesThe Unnatural,https://www.scriptslug.com/script/the-x-files-619-the-unnatural-1998,https://assets.scriptslug.com/live/pdf/scripts/the-x-files-619-the-unnatural-1998.pdf?v=1729115047,True
172,Stargate SG-1Children of the Gods,https://www.scriptslug.com/script/stargate-sg-1-101-children-of-the-gods-1997,https://assets.scriptslug.com/live/pdf/scripts/stargate-sg-1-101-children-of-the-gods-1997.pdf?v=1729114998,True
173,SuccessionConnor's Wedding,https://www.scriptslug.com/script/succession-403-connors-wedding-2023,https://assets.scriptslug.com/live/pdf/scripts/succession-403-connors-wedding-2023.pdf?v=1729115001,True
174,WeirdThe Al Yankovic Story,https://www.scriptslug.com/script/weird-the-al-yankovic-story-2022,https://assets.scriptslug.com/live/pdf/scripts/weird-the-al-yankovic-story-2022.pdf?v=1729115060,True
175,Queen CharlotteA Bridgerton StoryCrown Jewels,https://www.scriptslug.com/script/queen-charlotte-a-bridgerton-story-106-crown-jewels-2023,https://assets.scriptslug.com/live/pdf/scripts/queen-charlotte-a-bridgerton-story-106-crown-jewels-2023.pdf?v=1729114975,True
176,The White LotusThat's Amore,https://www.scriptslug.com/script/the-white-lotus-205-thats-amore-2022,https://assets.scriptslug.com/live/pdf/scripts/the-white-lotus-205-thats-amore-2022.pdf?v=1729115044,True
177,The Good FightThe End of Everything,https://www.scriptslug.com/script/the-good-fight-610-the-end-of-everything-2022,https://assets.scriptslug.com/live/pdf/scripts/the-good-fight-610-the-end-of-everything-2022.pdf?v=1729115018,True
178,Stranger ThingsChapter Seven The Massacre at Hawkins Lab,https://www.scriptslug.com/script/stranger-things-407-chapter-seven-the-massacre-at-hawkins-lab-2022,https://assets.scriptslug.com/live/pdf/scripts/stranger-things-407-chapter-seven-the-massacre-at-hawkins-lab-2022_2023-07-15-162629_gpnr.pdf?v=1729115070,True
179,House of the DragonThe Heirs of the Dragon,https://www.scriptslug.com/script/house-of-the-dragon-101-the-heirs-of-the-dragon-2022,https://assets.scriptslug.com/live/pdf/scripts/house-of-the-dragons-101-the-heirs-of-the-dragon-2022.pdf?v=1729114926,True
180,Bad SistersThe Prick,https://www.scriptslug.com/script/bad-sisters-101-the-prick-2022,https://assets.scriptslug.com/live/pdf/scripts/bad-sisters-101-the-prick-2022.pdf?v=1729114866,True
181,Chef,https://www.scriptslug.com/script/chef-2015,https://assets.scriptslug.com/live/pdf/scripts/chef-2015.pdf?v=1729114885,True
182,Burnt,https://www.scriptslug.com/script/burnt-2015,https://assets.scriptslug.com/live/pdf/scripts/burnt-2015.pdf?v=1729114880,True
183,Fanboys,https://www.scriptslug.com/script/fanboys-2009,https://assets.scriptslug.com/live/pdf/scripts/fanboys-2009.pdf?v=1729114906,True
184,Stargate,https://www.scriptslug.com/script/stargate-1994,https://assets.scriptslug.com/live/pdf/scripts/stargate-1994.pdf?v=1729114998,True
185,Independence Day,https://www.scriptslug.com/script/independence-day-1996,https://assets.scriptslug.com/live/pdf/scripts/independence-day-1996.pdf?v=1729114929,True
186,Russian DollBrain Drain,https://www.scriptslug.com/script/russian-doll-203-brain-drain-2022,https://assets.scriptslug.com/live/pdf/scripts/russian-doll-203-brain-drain-2022.pdf?v=1729114983,True
Serial Number,Title,Page Link,PDF Link,Download Status
187,Russian DollExquisite Corpse,https://www.scriptslug.com/script/russian-doll-205-exquisite-corpse-2022,https://assets.scriptslug.com/live/pdf/scripts/russian-doll-205-exquisite-corpse-2022.pdf?v=1729114983,True
188,Better Call SaulSaul Gone,https://www.scriptslug.com/script/better-call-saul-613-saul-gone-2022,https://assets.scriptslug.com/live/pdf/scripts/better-call-saul-613-saul-gone-2022.pdf?v=1729114870,True
189,My So-Called LifePilot,https://www.scriptslug.com/script/my-so-called-life-101-pilot-1994,https://assets.scriptslug.com/live/pdf/scripts/my-so-called-life-101-pilot-1994.pdf?v=1729114959,True
190,"BeefThe Birds Don't Sing, They Screech in Pain",https://www.scriptslug.com/script/beef-101-the-birds-dont-sing-they-screech-in-pain-2023,https://assets.scriptslug.com/live/pdf/scripts/beef-101-the-birds-dont-sing-they-screech-in-pain-2023.pdf?v=1729114869,True
191,YellowjacketsBurial,https://www.scriptslug.com/script/yellowjackets-207-burial-2023,https://assets.scriptslug.com/live/pdf/scripts/yellowjackets-207-burial-2023.pdf?v=1729115064,True
192,MoHamoodi,https://www.scriptslug.com/script/mo-101-hamoodi-2022,https://assets.scriptslug.com/live/pdf/scripts/mo-101-hamoodi-2022.pdf?v=1729114955,True
193,The BFG,https://www.scriptslug.com/script/the-bfg-2016,https://assets.scriptslug.com/live/pdf/scripts/the-bfg-2016.pdf?v=1729115008,True
194,Ted LassoRainbow,https://www.scriptslug.com/script/ted-lasso-205-rainbow-2021,https://assets.scriptslug.com/live/pdf/scripts/ted-lasso-205-rainbow-2021.pdf?v=1729115004,True
195,Russian DollNowhen,https://www.scriptslug.com/script/russian-doll-201-nowhen-2022,https://assets.scriptslug.com/live/pdf/scripts/russian-doll-201-nowhen-2022.pdf?v=1729114983,True
196,Ted LassoMake Rebecca Great Again,https://www.scriptslug.com/script/ted-lasso-107-make-rebecca-great-again-2020,https://assets.scriptslug.com/live/pdf/scripts/ted-lasso-107-make-rebecca-great-again-2020.pdf?v=1729115004,True
197,Copycat,https://www.scriptslug.com/script/copycat-1995,https://assets.scriptslug.com/live/pdf/scripts/copycat-1995.pdf?v=1729114890,True
198,"The Last of UsLong, Long Time",https://www.scriptslug.com/script/the-last-of-us-103-long-long-time-2023,https://assets.scriptslug.com/live/pdf/scripts/the-last-of-us-103-long-long-time-2023.pdf?v=1729115025,True
199,Bride of Chucky,https://www.scriptslug.com/script/bride-of-chucky-1998,https://assets.scriptslug.com/live/pdf/scripts/bride-of-chucky-1998.pdf?v=1729114879,True
200,Run,https://www.scriptslug.com/script/run-2020,https://assets.scriptslug.com/live/pdf/scripts/run-2020.pdf?v=1729114982,True
201,Suicide Squad,https://www.scriptslug.com/script/suicide-squad-2016,https://assets.scriptslug.com/live/pdf/scripts/suicide-squad-2016.pdf?v=1729115001,True
202,Speed Racer,https://www.scriptslug.com/script/speed-racer-2008,https://assets.scriptslug.com/live/pdf/scripts/speed-racer-2008.pdf?v=1729114995,True
203,Bowfinger,https://www.scriptslug.com/script/bowfinger-1999,https://assets.scriptslug.com/live/pdf/scripts/bowfinger-1999.pdf?v=1729114876,True
204,SpartacusMark of the Brotherhood,https://www.scriptslug.com/script/spartacus-108-mark-of-the-brotherhood-2010,https://assets.scriptslug.com/live/pdf/scripts/spartacus-108-mark-of-the-brotherhood-2010.pdf?v=1729114994,True
205,Abraham LincolnVampire Hunter,https://www.scriptslug.com/script/abraham-lincoln-vampire-hunter-2012,https://assets.scriptslug.com/live/pdf/scripts/abraham-lincoln-vampire-hunter-2012.pdf?v=1729114854,True
206,Deep Star Six,https://www.scriptslug.com/script/deep-star-six-1989,https://assets.scriptslug.com/live/pdf/scripts/deep-star-six-1989.pdf?v=1729114895,True
207,The A-Team,https://www.scriptslug.com/script/the-a-team-2010,https://assets.scriptslug.com/live/pdf/scripts/the-a-team-2010.pdf?v=1729115005,True
208,Peggy Sue Got Married,https://www.scriptslug.com/script/peggy-sue-got-married-1986,https://assets.scriptslug.com/live/pdf/scripts/peggy-sue-got-married-1986.pdf?v=1729114970,True
209,Casino,https://www.scriptslug.com/script/casino-1995,https://assets.scriptslug.com/live/pdf/scripts/casino-1995.pdf?v=1729114883,True
210,ConstantineThe Darkness Beneath,https://www.scriptslug.com/script/constantine-102-the-darkness-beneath-2014,https://assets.scriptslug.com/live/pdf/scripts/constantine-102-the-darkness-beneath-2014.pdf?v=1729114890,True
211,The Conversation,https://www.scriptslug.com/script/the-conversation-1974,https://assets.scriptslug.com/live/pdf/scripts/the-conversation-1974.pdf?v=1729115012,True
212,Malibu's Most Wanted,https://www.scriptslug.com/script/malibus-most-wanted-2003,https://assets.scriptslug.com/live/pdf/scripts/malibus-most-wanted-2003.pdf?v=1729114947,True
213,DeadwoodDeep Water,https://www.scriptslug.com/script/deadwood-102-deep-water-2004,https://assets.scriptslug.com/live/pdf/scripts/deadwood-102-deep-water-2004.pdf?v=1729114894,True
214,The Wolverine,https://www.scriptslug.com/script/the-wolverine-2013,https://assets.scriptslug.com/live/pdf/scripts/the-wolverine-2013.pdf?v=1729115045,True
215,ElementaryPilot,https://www.scriptslug.com/script/elementary-101-pilot-2012,https://assets.scriptslug.com/live/pdf/scripts/elementary-101-pilot-2012.pdf?v=1729114901,True
216,X2X-Men United,https://www.scriptslug.com/script/x2-x-men-united-2003,https://assets.scriptslug.com/live/pdf/scripts/x2-x-men-united-2003.pdf?v=1729115064,True
217,EuphoriaFuck Anyone Who's Not a Sea Blob,https://www.scriptslug.com/script/euphoria-002-fuck-anyone-whos-not-a-sea-blob-2021,https://assets.scriptslug.com/live/pdf/scripts/euphoria-fuck-anyone-whos-not-a-sea-blob-2021.pdf?v=1729114904,True
218,ConstantineNon Est Asylum,https://www.scriptslug.com/script/constantine-101-non-est-asylum-2014,https://assets.scriptslug.com/live/pdf/scripts/constantine-101-non-est-asylum-2014.pdf?v=1729114890,True
219,The Incredible Hulk,https://www.scriptslug.com/script/the-incredible-hulk-2008,https://assets.scriptslug.com/live/pdf/scripts/the-incredible-hulk-2008.pdf?v=1729115023,True
220,EuphoriaAnd Salt the Earth Behind You,https://www.scriptslug.com/script/euphoria-108-and-salt-the-earth-behind-you-2019,https://assets.scriptslug.com/live/pdf/scripts/euphoria-108-and-salt-the-earth-behind-you-2019.pdf?v=1729114904,True
221,The Virgin Suicides,https://www.scriptslug.com/script/virgin-suicides-1999,https://assets.scriptslug.com/live/pdf/scripts/the-virgin-suicides-1999.pdf?v=1729115043,True
222,EuphoriaThe Trials and Tribulations of Trying to Pee While Depressed,https://www.scriptslug.com/script/euphoria-107-the-trials-and-tribulations-of-trying-to-pee-while-depressed-2019,https://assets.scriptslug.com/live/pdf/scripts/euphoria-107-the-trials-and-tribulations-of-trying-to-pee-while-depressed-2019.pdf?v=1729114904,True
223,X-Men,https://www.scriptslug.com/script/x-men-2000,https://assets.scriptslug.com/live/pdf/scripts/x-men-2000.pdf?v=1729115064,True
224,DeadwoodDeadwood,https://www.scriptslug.com/script/deadwood-101-deadwood-2004,https://assets.scriptslug.com/live/pdf/scripts/deadwood-101-deadwood-2004.pdf?v=1729114894,True
225,FuturamaSpace Pilot 3000,https://www.scriptslug.com/script/futurama-101-space-pilot-3000-1999,https://assets.scriptslug.com/live/pdf/scripts/futurama-101-space-pilot-3000-1999.pdf?v=1729114913,True
226,Looney TunesBack in Action,https://www.scriptslug.com/script/looney-tunes-back-in-action-2003,https://assets.scriptslug.com/live/pdf/scripts/looney-tunes-back-in-action-2003.pdf?v=1729114943,True
227,The Queen's GambitOpenings,https://www.scriptslug.com/script/the-queens-gambit-101-openings-2020,https://assets.scriptslug.com/live/pdf/scripts/the-queens-gambit-101-openings-2020.pdf?v=1729115036,True
228,How to Train Your DragonThe Hidden World,https://www.scriptslug.com/script/how-to-train-your-dragon-the-hidden-world-2019,https://assets.scriptslug.com/live/pdf/scripts/how-to-train-your-dragon-the-hidden-world-2019.pdf?v=1729114927,True
229,EuphoriaThe Next Episode,https://www.scriptslug.com/script/euphoria-106-the-next-episode-2019,https://assets.scriptslug.com/live/pdf/scripts/euphoria-106-the-next-episode-2019.pdf?v=1729114904,True
230,The Internship,https://www.scriptslug.com/script/the-internship-2013,https://assets.scriptslug.com/live/pdf/scripts/the-internship-2013.pdf?v=1729115023,True
231,Black MirrorThe Entire History of You,https://www.scriptslug.com/script/black-mirror-103-the-entire-history-of-you-2011,https://assets.scriptslug.com/live/pdf/scripts/black-mirror-103-the-entire-history-of-you-2011.pdf?v=1729114872,True
232,Super Mario Bros.,https://www.scriptslug.com/script/super-mario-bros-1993,https://assets.scriptslug.com/live/pdf/scripts/super-mario-bros-1993.pdf?v=1729115002,True
233,MacGruber,https://www.scriptslug.com/script/macgruber-2010,https://assets.scriptslug.com/live/pdf/scripts/macgruber-2010.pdf?v=1729114946,True
234,Eraser,https://www.scriptslug.com/script/eraser-1996,https://assets.scriptslug.com/live/pdf/scripts/eraser-1996.pdf?v=1729114903,True
235,The Interview,https://www.scriptslug.com/script/the-interview-2014,https://assets.scriptslug.com/live/pdf/scripts/the-interview-2014.pdf?v=1729115024,True
236,Euphoria'03 Bonnie and Clyde,https://www.scriptslug.com/script/euphoria-105-03-bonnie-and-clyde-2019,https://assets.scriptslug.com/live/pdf/scripts/euphoria-105-03-bonnie-and-clyde-2019.pdf?v=1729114903,True
237,Lake Placid,https://www.scriptslug.com/script/lake-placid-1999,https://assets.scriptslug.com/live/pdf/scripts/lake-placid-1999.pdf?v=1729114939,True
238,Lovecraft CountryFull Circle,https://www.scriptslug.com/script/lovecraft-country-110-full-circle-2020,https://assets.scriptslug.com/live/pdf/scripts/lovecraft-country-110-full-circle-2020.pdf?v=1729114945,True
239,EuphoriaShook Ones Pt II,https://www.scriptslug.com/script/euphoria-104-shook-ones-pt-ii-2019,https://assets.scriptslug.com/live/pdf/scripts/euphoria-104-shook-ones-pt-ii-2019.pdf?v=1729114903,True
240,The Sessions,https://www.scriptslug.com/script/the-sessions-2012,https://assets.scriptslug.com/live/pdf/scripts/the-sessions-2012.pdf?v=1729115038,True
241,Sausage Party,https://www.scriptslug.com/script/sausage-party-2016,https://assets.scriptslug.com/live/pdf/scripts/sausage-party-2016.pdf?v=1729114984,True
242,Lovecraft CountryRewind 1921,https://www.scriptslug.com/script/lovecraft-country-109-rewind-1921-2020,https://assets.scriptslug.com/live/pdf/scripts/lovecraft-country-109-rewind-1921-2020.pdf?v=1729114945,True
243,EuphoriaMade You Look,https://www.scriptslug.com/script/euphoria-103-made-you-look-2019,https://assets.scriptslug.com/live/pdf/scripts/euphoria-103-made-you-look-2019.pdf?v=1729114903,True
244,Wonder Boys,https://www.scriptslug.com/script/wonder-boys-2000,https://assets.scriptslug.com/live/pdf/scripts/wonder-boys-2000.pdf?v=1729115063,True
245,A Hidden Life,https://www.scriptslug.com/script/a-hidden-life-2019,https://assets.scriptslug.com/live/pdf/scripts/a-hidden-life-2019.pdf?v=1729114851,True
246,Lovecraft CountryJig-a-Bobo,https://www.scriptslug.com/script/lovecraft-country-108-jig-a-bobo-2020,https://assets.scriptslug.com/live/pdf/scripts/lovecraft-country-108-jig-a-boo-2020.pdf?v=1729114945,True
247,EuphoriaStuntin' Like My Daddy,https://www.scriptslug.com/script/euphoria-102-stuntin-like-my-daddy-2019,https://assets.scriptslug.com/live/pdf/scripts/euphoria-102-stuntin-like-my-daddy-2019.pdf?v=1729114903,True
248,SuccessionAll the Bells Say,https://www.scriptslug.com/script/succession-309-all-the-bells-say-2021,https://assets.scriptslug.com/live/pdf/scripts/succession-309-all-the-bells-say-2022.pdf?v=1729115001,True
249,The Rum Diary,https://www.scriptslug.com/script/the-rum-diary-2011,https://assets.scriptslug.com/live/pdf/scripts/the-rum-diary-2011.pdf?v=1729115037,True
250,AwkwardPilot,https://www.scriptslug.com/script/awkward-101-pilot-2011,https://assets.scriptslug.com/live/pdf/scripts/awkward-101-pilot-2011.pdf?v=1729114864,True
251,Lovecraft CountryI Am,https://www.scriptslug.com/script/lovecraft-country-107-i-am-2020,https://assets.scriptslug.com/live/pdf/scripts/lovecraft-country-107-i-am-2020.pdf?v=1729114945,True
252,Babylon,https://www.scriptslug.com/script/babylon-2022,https://assets.scriptslug.com/live/pdf/scripts/babylon-2022_2023-03-24-175719_unck.pdf?v=1729114865,True
253,Tough Guys,https://www.scriptslug.com/script/tough-guys-1985,https://assets.scriptslug.com/live/pdf/scripts/tough-guys-1985.pdf?v=1729115051,True
254,The Lunchbox,https://www.scriptslug.com/script/the-lunchbox-2013,https://assets.scriptslug.com/live/pdf/scripts/the-lunchbox-2013.pdf?v=1729115028,True
255,Fresh,https://www.scriptslug.com/script/fresh-2022,https://assets.scriptslug.com/live/pdf/scripts/fresh-2022.pdf?v=1729114911,True
256,Night CourtPilot,https://www.scriptslug.com/script/night-court-101-pilot-2023,https://assets.scriptslug.com/live/pdf/scripts/night-court-101-pilot-2023.pdf?v=1729114961,True
257,Tower Block,https://www.scriptslug.com/script/tower-block-2012,https://assets.scriptslug.com/live/pdf/scripts/tower-block-2012.pdf?v=1729115051,True
258,Your HonorPart One,https://www.scriptslug.com/script/your-honor-101-part-one-2020,https://assets.scriptslug.com/live/pdf/scripts/your-honor-101-part-one-2020.pdf?v=1729115065,True
259,Boogie Nights,https://www.scriptslug.com/script/boogie-nights-1997,https://assets.scriptslug.com/live/pdf/scripts/boogie-nights-1997.pdf?v=1729114875,True
260,Aligarh,https://www.scriptslug.com/script/aligarh-2015,https://assets.scriptslug.com/live/pdf/scripts/aligarh-2015.pdf?v=1729114856,True
261,Night SkyTo the Stars,https://www.scriptslug.com/script/night-sky-101-to-the-stars-2022,https://assets.scriptslug.com/live/pdf/scripts/night-sky-101-to-the-stars-2022.pdf?v=1729114962,True
262,Blades of Glory,https://www.scriptslug.com/script/blades-of-glory-2007,https://assets.scriptslug.com/live/pdf/scripts/blades-of-glory-2007.pdf?v=1729114874,True
263,The Perfect Storm,https://www.scriptslug.com/script/the-perfect-storm-2000,https://assets.scriptslug.com/live/pdf/scripts/the-perfect-storm-2000.pdf?v=1729115034,True
264,Rango,https://www.scriptslug.com/script/rango-2011,https://assets.scriptslug.com/live/pdf/scripts/rango-2011.pdf?v=1729114977,True
265,Will TrentPilot,https://www.scriptslug.com/script/will-trent-101-pilot-2023,https://assets.scriptslug.com/live/pdf/scripts/will-trent-101-pilot-2023.pdf?v=1729115062,True
266,The Event,https://www.scriptslug.com/script/the-event-2022,https://assets.scriptslug.com/live/pdf/scripts/the-event-2022.pdf?v=1729115014,True
267,Top GunMaverick,https://www.scriptslug.com/script/top-gun-maverick-2022,https://assets.scriptslug.com/live/pdf/scripts/top-gun-maverick-2022.pdf?v=1729115051,True
268,That '90s ShowThat '90s Pilot,https://www.scriptslug.com/script/that-90s-show-101-that-90s-pilot-2023,https://assets.scriptslug.com/live/pdf/scripts/that-90s-show-101-that-90s-pilot-2023.pdf?v=1729115005,True
269,Rounders,https://www.scriptslug.com/script/rounders-1998,https://assets.scriptslug.com/live/pdf/scripts/rounders-1998.pdf?v=1729114982,True
270,Malcolm X,https://www.scriptslug.com/script/malcolm-x-1992,https://assets.scriptslug.com/live/pdf/scripts/malcolm-x-1992.pdf?v=1729114947,True
271,The Mosquito CoastFoxes and Coyotes,https://www.scriptslug.com/script/the-mosquito-coast-2021,https://assets.scriptslug.com/live/pdf/scripts/mosquito-coast-102-foxes-and-coyotes-2021.pdf?v=1729114957,True
272,Philadelphia,https://www.scriptslug.com/script/philadelphia-1993,https://assets.scriptslug.com/live/pdf/scripts/philadelphia-1993.pdf?v=1729114970,True
273,Westworld,https://www.scriptslug.com/script/westworld-1973,https://assets.scriptslug.com/live/pdf/scripts/westworld-1973.pdf?v=1729115060,True
274,How to Train Your Dragon 2,https://www.scriptslug.com/script/how-to-train-your-dragon-2-2014,https://assets.scriptslug.com/live/pdf/scripts/how-to-train-your-dragon-2-2014.pdf?v=1729114927,True
275,Batman & Robin,https://www.scriptslug.com/script/batman-robin-1997,https://assets.scriptslug.com/live/pdf/scripts/batman-and-robin-1997.pdf?v=1729114868,True
276,The Civil Dead,https://www.scriptslug.com/script/the-civil-dead-2022,https://assets.scriptslug.com/live/pdf/scripts/the-civil-dead-2022.pdf?v=1729115011,True
277,KindredDana,https://www.scriptslug.com/script/kindred-101-dana-2022,https://assets.scriptslug.com/live/pdf/scripts/kindred-101-dana-2022.pdf?v=1729114937,True
278,Christine,https://www.scriptslug.com/script/christine-1983,https://assets.scriptslug.com/live/pdf/scripts/christine-1983.pdf?v=1729114886,True
279,Emancipation,https://www.scriptslug.com/script/emancipation-2022,https://assets.scriptslug.com/live/pdf/scripts/emancipation-2023.pdf?v=1729114901,True
280,Ambulance,https://www.scriptslug.com/script/ambulance-2022,https://assets.scriptslug.com/live/pdf/scripts/ambulance-2022.pdf?v=1729114857,True
281,1899The Ship,https://www.scriptslug.com/script/1899-101-the-ship-2022,https://assets.scriptslug.com/live/pdf/scripts/1899-101-the-ship-2022.pdf?v=1729114848,True
282,An Affair to Remember,https://www.scriptslug.com/script/an-affair-to-remember-1957,https://assets.scriptslug.com/live/pdf/scripts/an-affair-to-remember-1957.pdf?v=1729114859,True
283,Invasion of the Body Snatchers,https://www.scriptslug.com/script/invasion-of-the-body-snatchers-1978,https://assets.scriptslug.com/live/pdf/scripts/invasion-of-the-body-snatchers-1978.pdf?v=1729114931,True
284,The Good Nurse,https://www.scriptslug.com/script/the-good-nurse-2022,https://assets.scriptslug.com/live/pdf/scripts/the-good-nurse-2022.pdf?v=1729115018,True
285,Thirteen Lives,https://www.scriptslug.com/script/thirteen-lives-2022,https://assets.scriptslug.com/live/pdf/scripts/thirteen-lives-2022.pdf?v=1729115048,True
286,The Son,https://www.scriptslug.com/script/the-son-2022,https://assets.scriptslug.com/live/pdf/scripts/the-son-2022.pdf?v=1729115039,True
287,The Northman,https://www.scriptslug.com/script/the-northman-2022,https://assets.scriptslug.com/live/pdf/scripts/the-northman-2022.pdf?v=1729115033,True
288,Master,https://www.scriptslug.com/script/master-2022,https://assets.scriptslug.com/live/pdf/scripts/master-2022.pdf?v=1729114950,True
289,Lady Chatterley's Lover,https://www.scriptslug.com/script/lady-chatterleys-lover-2022,https://assets.scriptslug.com/live/pdf/scripts/lady-chatterleys-lover-2022.pdf?v=1729114939,True
290,Empire of Light,https://www.scriptslug.com/script/empire-of-light-2022,https://assets.scriptslug.com/live/pdf/scripts/empire-of-light-2022.pdf?v=1729114902,True
291,Emergency,https://www.scriptslug.com/script/emergency-2022,https://assets.scriptslug.com/live/pdf/scripts/emergency-2022.pdf?v=1729114902,True
292,MonstersSilenced,https://www.scriptslug.com/script/monsters-the-jeffrey-dahmer-story-106-silenced-2022,https://assets.scriptslug.com/live/pdf/scripts/dahmer-monster-the-jeffrey-dahmer-story-106-silenced-2022.pdf?v=1729114892,True
293,My Policeman,https://www.scriptslug.com/script/my-policeman-2022,https://assets.scriptslug.com/live/pdf/scripts/my-policeman-2022.pdf?v=1729114959,True
294,Catherine Called Birdy,https://www.scriptslug.com/script/catherine-called-birdy-2022,https://assets.scriptslug.com/live/pdf/scripts/catherine-called-birdy-2022.pdf?v=1729114884,True
295,Barbarian,https://www.scriptslug.com/script/barbarian-2022,https://assets.scriptslug.com/live/pdf/scripts/barbarian-2022.pdf?v=1729114866,True
296,Heavyweights,https://www.scriptslug.com/script/heavyweights-1995,https://assets.scriptslug.com/live/pdf/scripts/heavyweights-1995.pdf?v=1729114923,True
297,Three Thousand Years of Longing,https://www.scriptslug.com/script/three-thousand-years-of-longing-2022,https://assets.scriptslug.com/live/pdf/scripts/three-thousand-years-of-longing-2022.pdf?v=1729115049,True
298,"Argentina, 1985",https://www.scriptslug.com/script/argentina-1985-2022,https://assets.scriptslug.com/live/pdf/scripts/argentina-1985-2022.pdf?v=1729114862,True
299,Bones and All,https://www.scriptslug.com/script/bones-and-all-2022,https://assets.scriptslug.com/live/pdf/scripts/bones-and-all-2022.pdf?v=1729114875,True
300,The Menu,https://www.scriptslug.com/script/the-menu-2022,https://assets.scriptslug.com/live/pdf/scripts/the-menu-2022.pdf?v=1729115030,True
301,Star TrekThe Next GenerationRascals,https://www.scriptslug.com/script/star-trek-the-next-generation-607-rascals-1992,https://assets.scriptslug.com/live/pdf/scripts/star-trek-the-next-generation-607-rascals-1992.pdf?v=1729114997,True
302,A Man Called Otto,https://www.scriptslug.com/script/a-man-called-otto-2022,https://assets.scriptslug.com/live/pdf/scripts/a-man-called-otto-2022.pdf?v=1729114852,True
303,Aftersun,https://www.scriptslug.com/script/aftersun-2022,https://assets.scriptslug.com/live/pdf/scripts/aftersun-2022.pdf?v=1729114855,True
304,All Quiet on the Western Front,https://www.scriptslug.com/script/all-quiet-on-the-western-front-2022,https://assets.scriptslug.com/live/pdf/scripts/all-quiet-on-the-western-front-2022.pdf?v=1729114857,True
305,Nope,https://www.scriptslug.com/script/nope-2022,https://assets.scriptslug.com/live/pdf/scripts/nope-2022.pdf?v=1729114963,True
306,The Batman,https://www.scriptslug.com/script/the-batman-2022,https://assets.scriptslug.com/live/pdf/scripts/the-batman-2022.pdf?v=1729115008,True
307,Everything Everywhere All at Once,https://www.scriptslug.com/script/everything-everywhere-all-at-once-2022,https://assets.scriptslug.com/live/pdf/scripts/everything-everywhere-all-at-once-2022.pdf?v=1729114904,True
308,Triangle of Sadness,https://www.scriptslug.com/script/triangle-of-sadness-2022,https://assets.scriptslug.com/live/pdf/scripts/triangle-of-sadness-2022.pdf?v=1729115052,True
309,Silverado,https://www.scriptslug.com/script/silverado-1985,https://assets.scriptslug.com/live/pdf/scripts/silverado-1985.pdf?v=1729114990,True
310,Indiana Jones and the Kingdom of the Crystal Skull,https://www.scriptslug.com/script/indiana-jones-and-the-kingdom-of-the-crystal-skull-2008,https://assets.scriptslug.com/live/pdf/scripts/indiana-jones-and-the-kingdom-of-the-crystal-skull-2008.pdf?v=1729114929,True
311,Living,https://www.scriptslug.com/script/living-2022,https://assets.scriptslug.com/live/pdf/scripts/living-2022.pdf?v=1729114943,True
312,The Woman King,https://www.scriptslug.com/script/the-woman-king-2022,https://assets.scriptslug.com/live/pdf/scripts/the-woman-king-2022.pdf?v=1729115045,True
313,White Noise,https://www.scriptslug.com/script/white-noise-2022,https://assets.scriptslug.com/live/pdf/scripts/white-noise-2022.pdf?v=1729115061,True
314,The Whale,https://www.scriptslug.com/script/the-whale-2022,https://assets.scriptslug.com/live/pdf/scripts/the-whale-2022.pdf?v=1729115044,True
315,Elvis,https://www.scriptslug.com/script/elvis-2022,https://assets.scriptslug.com/live/pdf/scripts/elvis-2022.pdf?v=1729114901,True
316,Women Talking,https://www.scriptslug.com/script/women-talking-2022,https://assets.scriptslug.com/live/pdf/scripts/women-talking-2022.pdf?v=1729115063,True
317,Black PantherWakanda Forever,https://www.scriptslug.com/script/black-panther-wakanda-forever-2022,https://assets.scriptslug.com/live/pdf/scripts/black-panther-wakanda-forever-2022.pdf?v=1729114873,True
318,Till,https://www.scriptslug.com/script/till-2022,https://assets.scriptslug.com/live/pdf/scripts/till-2022.pdf?v=1729115049,True
319,She Said,https://www.scriptslug.com/script/she-said-2022,https://assets.scriptslug.com/live/pdf/scripts/she-said-2022.pdf?v=1729114988,True
320,Glass OnionA Knives Out Mystery,https://www.scriptslug.com/script/glass-onion-a-knives-out-mystery-2022,https://assets.scriptslug.com/live/pdf/scripts/glass-onion-a-knives-out-mystery-2022.pdf?v=1729114916,True
321,The Banshees of Inisherin,https://www.scriptslug.com/script/the-banshees-of-inisherin-2022,https://assets.scriptslug.com/live/pdf/scripts/the-banshees-of-inisherin-2022.pdf?v=1729115007,True
322,T√ÅR,https://www.scriptslug.com/script/t%C3%A1r-2022,https://assets.scriptslug.com/live/pdf/scripts/tar-2022.pdf?v=1729115004,True
323,Armageddon Time,https://www.scriptslug.com/script/armageddon-time-2022,https://assets.scriptslug.com/live/pdf/scripts/armageddon-time-2022.pdf?v=1729114862,True
324,The Fabelmans,https://www.scriptslug.com/script/the-fabelmans-2022,https://assets.scriptslug.com/live/pdf/scripts/the-fabelmans-2022.pdf?v=1729115015,True
325,Guillermo del Toro's Pinocchio,https://www.scriptslug.com/script/guillermo-del-toros-pinocchio-2022,https://assets.scriptslug.com/live/pdf/scripts/pinocchio-2022.pdf?v=1729114971,True
326,The White LotusArrivals,https://www.scriptslug.com/script/the-white-lotus-101-arrivals-2021,https://assets.scriptslug.com/live/pdf/scripts/the-white-lotus-101-arrivals-2021.pdf?v=1729115044,True
327,Rent,https://www.scriptslug.com/script/rent-2005,https://assets.scriptslug.com/live/pdf/scripts/rent-2005.pdf?v=1729114978,True
328,Bridget Jone's Diary,https://www.scriptslug.com/script/bridget-jones-diary-2001,https://assets.scriptslug.com/live/pdf/scripts/bridget-jones-diary-2001.pdf?v=1729114879,True
329,Anastasia,https://www.scriptslug.com/script/anastasia-1997,https://assets.scriptslug.com/live/pdf/scripts/anastasia-1997.pdf?v=1729114860,True
330,Addams Family Values,https://www.scriptslug.com/script/addams-family-values-1993,https://assets.scriptslug.com/live/pdf/scripts/addams-family-values-1993.pdf?v=1729114855,True
331,La BreaPilot,https://www.scriptslug.com/script/la-brea-101-pilot-2021,https://assets.scriptslug.com/live/pdf/scripts/la-brea-101-pilot-2021.pdf?v=1729114938,True
332,Spy Kids,https://www.scriptslug.com/script/spy-kids-2001,https://assets.scriptslug.com/live/pdf/scripts/spy-kids-2001.pdf?v=1729114996,True
333,Jingle All the Way,https://www.scriptslug.com/script/jingle-all-the-way-1996,https://assets.scriptslug.com/live/pdf/scripts/jingle-all-the-way-1996.pdf?v=1729114933,True
334,Krampus,https://www.scriptslug.com/script/krampus-2015,https://assets.scriptslug.com/live/pdf/scripts/krampus-2015.pdf?v=1729114938,True
335,Gremlins,https://www.scriptslug.com/script/gremlins-1984,https://assets.scriptslug.com/live/pdf/scripts/gremlins-1984.pdf?v=1729114918,True
336,SherlockThe Abominable Bride,https://www.scriptslug.com/script/sherlock-401-the-abominable-bride-2016,https://assets.scriptslug.com/live/pdf/scripts/sherlock-401-the-abominable-bride-2016.pdf?v=1729114988,True
337,We're No Angels,https://www.scriptslug.com/script/were-no-angels-1989,https://assets.scriptslug.com/live/pdf/scripts/were-no-angels-1989.pdf?v=1729115060,True
338,Frantic,https://www.scriptslug.com/script/frantic-1988,https://assets.scriptslug.com/live/pdf/scripts/frantic-1988.pdf?v=1729114911,True
339,Frailty,https://www.scriptslug.com/script/frailty-2001,https://assets.scriptslug.com/live/pdf/scripts/frailty-2001.pdf?v=1729114910,True
340,National Lampoon's Vacation,https://www.scriptslug.com/script/national-lampoons-vacation-1983,https://assets.scriptslug.com/live/pdf/scripts/national-lampoons-vacation-1983.pdf?v=1729114960,True
341,Nanny,https://www.scriptslug.com/script/nanny-2022,https://assets.scriptslug.com/live/pdf/scripts/nanny-2022.pdf?v=1729114959,True
342,Electric DreamsThe Father Thing,https://www.scriptslug.com/script/electric-dreams-107-the-father-thing-2018,https://assets.scriptslug.com/live/pdf/scripts/electric-dreams-107-the-father-thing-2018.pdf?v=1729114901,True
343,CB4,https://www.scriptslug.com/script/cb4-1993,https://assets.scriptslug.com/live/pdf/scripts/cb4-1993.pdf?v=1729114884,True
344,Flatliners,https://www.scriptslug.com/script/flatliners-2017,https://assets.scriptslug.com/live/pdf/scripts/flatliners-2017.pdf?v=1729114909,True
345,Don't Worry Darling,https://www.scriptslug.com/script/dont-worry-darling-2022,https://assets.scriptslug.com/live/pdf/scripts/dont-worry-darling-2022.pdf?v=1729114898,True
346,EvilGenesis,https://www.scriptslug.com/script/evil-101-genesis-2019,https://assets.scriptslug.com/live/pdf/scripts/evil-101-genesis-1-2019.pdf?v=1729114904,True
347,Excalibur,https://www.scriptslug.com/script/excalibur-1981,https://assets.scriptslug.com/live/pdf/scripts/excalibur-1981.pdf?v=1729114905,True
348,127 Hours,https://www.scriptslug.com/script/127-hours-2010,https://assets.scriptslug.com/live/pdf/scripts/127-hours-2010.pdf?v=1729114848,True
349,Better Call SaulPlan and Execution,https://www.scriptslug.com/script/better-call-saul-607-plan-and-execution-2022,https://assets.scriptslug.com/live/pdf/scripts/better-call-saul-607-plan-and-execution-2022.pdf?v=1729114870,True
350,BatmanThe Joker is Wild,https://www.scriptslug.com/script/batman-105-the-joker-is-wild-1966,https://assets.scriptslug.com/live/pdf/scripts/batman-105-the-joker-is-wild-1966.pdf?v=1729114867,True
351,28 Weeks Later,https://www.scriptslug.com/script/28-weeks-later-2007,https://assets.scriptslug.com/live/pdf/scripts/28-weeks-later-2007.pdf?v=1729114849,True
352,Dutch,https://www.scriptslug.com/script/dutch-1991,https://assets.scriptslug.com/live/pdf/scripts/dutch-1991.pdf?v=1729114900,True
353,Blankman,https://www.scriptslug.com/script/blankman-1994,https://assets.scriptslug.com/live/pdf/scripts/blankman-1994.pdf?v=1729114874,True
354,2010The Year We Make Contact,https://www.scriptslug.com/script/2010-the-year-we-make-contact-1984,https://assets.scriptslug.com/live/pdf/scripts/2010-the-year-we-make-contact-1984.pdf?v=1729114849,True
355,Lovecraft CountryMeet Me in Daegu,https://www.scriptslug.com/script/lovecraft-country-106-meet-me-in-daegu-2020,https://assets.scriptslug.com/live/pdf/scripts/lovecraft-country-106-meet-me-in-daegu-2020.pdf?v=1729114945,True
356,Poetic Justice,https://www.scriptslug.com/script/poetic-justice-1993,https://assets.scriptslug.com/live/pdf/scripts/poetic-justice-1993.pdf?v=1729114972,True
357,Barbershop,https://www.scriptslug.com/script/barbershop-2002,https://assets.scriptslug.com/live/pdf/scripts/barbershop-2002.pdf?v=1729114866,True
358,One Eight Seven,https://www.scriptslug.com/script/one-eight-seven-1999,https://assets.scriptslug.com/live/pdf/scripts/one-eighty-seven-1999.pdf?v=1729114965,True
359,A Soldier's Story,https://www.scriptslug.com/script/a-soldiers-story-1984,https://assets.scriptslug.com/live/pdf/scripts/a-soldiers-story-1984.pdf?v=1729114853,True
360,YouPilot,https://www.scriptslug.com/script/you-101-pilot-2018,https://assets.scriptslug.com/live/pdf/scripts/you-101-pilot-2018.pdf?v=1729115065,True
361,YellowjacketsBear Down,https://www.scriptslug.com/script/yellowjackets-104-bear-down-2021,https://assets.scriptslug.com/live/pdf/scripts/yellowjackets-104-bear-down-2021.pdf?v=1729115064,True
362,MindhunterEpisode 1.1,https://www.scriptslug.com/script/mindhunter-101-episode-1-1-2017,https://assets.scriptslug.com/live/pdf/scripts/mindhunter-101-episode-1-1-2017.pdf?v=1729114954,True
363,National Lampoon's European Vacation,https://www.scriptslug.com/script/national-lampoons-european-vacation-1985,https://assets.scriptslug.com/live/pdf/scripts/national-lampoons-european-vacation-1985.pdf?v=1729114960,True
364,Blonde,https://www.scriptslug.com/script/blonde-2022,https://assets.scriptslug.com/live/pdf/scripts/blonde-2022.pdf?v=1729114874,True
365,All the Old Knives,https://www.scriptslug.com/script/all-the-old-knives-2022,https://assets.scriptslug.com/live/pdf/scripts/all-the-old-knives-2022.pdf?v=1729114857,True
366,To All the Boys I've Loved Before,https://www.scriptslug.com/script/to-all-the-boys-ive-loved-before-2018,https://assets.scriptslug.com/live/pdf/scripts/to-all-the-boys-ive-loved-before-2018.pdf?v=1729115050,True
367,MaggieThings Begin Where They End,https://www.scriptslug.com/script/maggie-101-things-begin-where-they-end-2022,https://assets.scriptslug.com/live/pdf/scripts/maggie-101-things-begin-where-they-end-2022.pdf?v=1729114947,True
368,NCISLos AngelesRed Part One,https://www.scriptslug.com/script/ncis-los-angeles-418-red-part-one-2013,https://assets.scriptslug.com/live/pdf/scripts/ncis-los-angeles-418-red-part-one-2013.pdf?v=1729114960,True
369,Halloween 4The Return of Michael Myers,https://www.scriptslug.com/script/halloween-4-the-return-of-michael-myers-1988,https://assets.scriptslug.com/live/pdf/scripts/halloween-4-the-return-of-michael-myers-1988.pdf?v=1729114920,True
370,The Wicker Man,https://www.scriptslug.com/script/the-wicker-man-1973,https://assets.scriptslug.com/live/pdf/scripts/the-wicker-man-1973.pdf?v=1729115044,True
371,Stir of Echoes,https://www.scriptslug.com/script/stir-of-echoes-1999,https://assets.scriptslug.com/live/pdf/scripts/stir-of-echoes-1999.pdf?v=1729114999,True
372,Shadow BoundAll Episodes,https://www.scriptslug.com/script/shadow-bound-100-all-episodes-2013,https://assets.scriptslug.com/live/pdf/scripts/shadow-bound-2013.pdf?v=1729114987,True
373,Halloween 6The Curse of Michael Myers,https://www.scriptslug.com/script/halloween-6-the-curse-of-michael-myers-1995,https://assets.scriptslug.com/live/pdf/scripts/halloween-6-the-curse-of-michael-myers-1995.pdf?v=1729114920,True
374,Masters of HorrorThe Washingtonians,https://www.scriptslug.com/script/masters-of-horror-202-the-washingtonians-2007,https://assets.scriptslug.com/live/pdf/scripts/masters-of-horro-202-the-washingtonians-2005.pdf?v=1729114950,True
375,The HobbitThe Desolation of Smaug,https://www.scriptslug.com/script/the-hobbit-an-unexpected-journey-2013,https://assets.scriptslug.com/live/pdf/scripts/the-hobbit-the-desolation-of-smaug-2013.pdf?v=1729115022,True
376,The HobbitAn Unexpected Journey,https://www.scriptslug.com/script/the-hobbit-an-unexpected-journey-2012-2,https://assets.scriptslug.com/live/pdf/scripts/the-hobbit-an-unexpected-journey-scripted-2012.pdf?v=1729115021,True
377,The Blob,https://www.scriptslug.com/script/the-blob-1988,https://assets.scriptslug.com/live/pdf/scripts/the-blob-1988.pdf?v=1729115009,True
378,Evil Dead,https://www.scriptslug.com/script/evil-dead-2013,https://assets.scriptslug.com/live/pdf/scripts/evil-dead-2013.pdf?v=1729114904,True
379,Evil Dead II,https://www.scriptslug.com/script/evil-dead-ii-1987,https://assets.scriptslug.com/live/pdf/scripts/evil-dead-ii-1987.pdf?v=1729114904,True
380,Mary Shelley's Frankenstein,https://www.scriptslug.com/script/mary-shelleys-frankenstein-1994,https://assets.scriptslug.com/live/pdf/scripts/mary-shelleys-frankenstein-1994.pdf?v=1729114950,True
381,The Fly II,https://www.scriptslug.com/script/the-fly-ii-1989,https://assets.scriptslug.com/live/pdf/scripts/the-fly-ii-1989.pdf?v=1729115016,True
382,Dominion,https://www.scriptslug.com/script/dominion-2005,https://assets.scriptslug.com/live/pdf/scripts/dominion-2005.pdf?v=1729114897,True
383,Thir13en Ghosts,https://www.scriptslug.com/script/thir13en-ghosts-2001,https://assets.scriptslug.com/live/pdf/scripts/thir13en-ghosts-2001.pdf?v=1729115048,True
384,The Others,https://www.scriptslug.com/script/the-others-2001,https://assets.scriptslug.com/live/pdf/scripts/the-others-2001.pdf?v=1729115034,True
385,Predators,https://www.scriptslug.com/script/predators-2010,https://assets.scriptslug.com/live/pdf/scripts/predators-2010.pdf?v=1729114973,True
386,Alien vs. PredatorRequiem,https://www.scriptslug.com/script/alien-vs-predator-requiem-2007,https://assets.scriptslug.com/live/pdf/scripts/alien-vs-predator-requiem-2007.pdf?v=1729114856,True
387,Alien Resurrection,https://www.scriptslug.com/script/alien-resurrection-1997,https://assets.scriptslug.com/live/pdf/scripts/alien-resurrection-1997.pdf?v=1729114856,True
388,Hostel,https://www.scriptslug.com/script/hostel-2005,https://assets.scriptslug.com/live/pdf/scripts/hostel-2005.pdf?v=1729114926,True
389,Spawn,https://www.scriptslug.com/script/spawn-1997,https://assets.scriptslug.com/live/pdf/scripts/spawn-1997.pdf?v=1729114994,True
390,Teen Wolf,https://www.scriptslug.com/script/teen-wolf-1985,https://assets.scriptslug.com/live/pdf/scripts/teen-wolf-1985.pdf?v=1729115004,True
391,Jaws 2,https://www.scriptslug.com/script/jaws-2-1978,https://assets.scriptslug.com/live/pdf/scripts/jaws-2-1978.pdf?v=1729114933,True
392,Interview with the Vampire,https://www.scriptslug.com/script/interview-with-the-vampire-1994,https://assets.scriptslug.com/live/pdf/scripts/interview-with-the-vampire-1994.pdf?v=1729114931,True
393,HellboundHellraiser II,https://www.scriptslug.com/script/hellbound-hellraiser-ii-1988,https://assets.scriptslug.com/live/pdf/scripts/hellbound-hellraiser-ii-1988.pdf?v=1729114923,True
394,Final Destination,https://www.scriptslug.com/script/final-destination-2000,https://assets.scriptslug.com/live/pdf/scripts/final-destination-2000.pdf?v=1729114908,True
395,Kingpin,https://www.scriptslug.com/script/kingpin-1996,https://assets.scriptslug.com/live/pdf/scripts/kingpin-1996.pdf?v=1729114937,True
396,Big Trouble in Little China,https://www.scriptslug.com/script/big-trouble-in-little-china-1986,https://assets.scriptslug.com/live/pdf/scripts/big-trouble-in-little-china-1986.pdf?v=1729114871,True
397,Armed and Dangerous,https://www.scriptslug.com/script/armed-and-dangerous-1986,https://assets.scriptslug.com/live/pdf/scripts/armed-and-dangerous-1986.pdf?v=1729114862,True
398,Picnic at Hanging Rock,https://www.scriptslug.com/script/picnic-at-hanging-rock-1975,https://assets.scriptslug.com/live/pdf/scripts/picnic-at-hanging-rock-1975.pdf?v=1729114970,True
399,Courage Under Fire,https://www.scriptslug.com/script/courage-under-fire-1996,https://assets.scriptslug.com/live/pdf/scripts/courage-under-fire-1996.pdf?v=1729114891,True
400,Frost  Nixon,https://www.scriptslug.com/script/frost-nixon-2008,https://assets.scriptslug.com/live/pdf/scripts/frost-nixon-2008.pdf?v=1729114913,True
401,The SopranosA Hit is a Hit,https://www.scriptslug.com/script/the-sopranos-110-a-hit-is-a-hit-1999,https://assets.scriptslug.com/live/pdf/scripts/the-sopranos-110-a-hit-is-a-hit-1999.pdf?v=1729115039,True
402,Fear StreetPart One - 1994,https://www.scriptslug.com/script/fear-street-part-one-1994-2021,https://assets.scriptslug.com/live/pdf/scripts/fear-street-part-one-1994-2021.pdf?v=1729114907,True
403,MinxNot like a shvantz right in the face,https://www.scriptslug.com/script/minx-101-not-like-a-shvantz-right-in-the-face-2022,https://assets.scriptslug.com/live/pdf/scripts/minx-101-not-like-a-shvantz-right-in-the-face-2022.pdf?v=1729114954,True
404,Over the Moon,https://www.scriptslug.com/script/over-the-moon-2020,https://assets.scriptslug.com/live/pdf/scripts/over-the-moon-2020.pdf?v=1729114966,True
405,Terminator Genisys,https://www.scriptslug.com/script/terminator-genisys-2015,https://assets.scriptslug.com/live/pdf/scripts/terminator-genisys-2015.pdf?v=1729115005,True
406,The Hitcher,https://www.scriptslug.com/script/the-hitcher-1986,https://assets.scriptslug.com/live/pdf/scripts/the-hitcher-1986.pdf?v=1729115021,True
407,Highlander IIThe Quickening,https://www.scriptslug.com/script/highlander-ii-the-quickening-1991,https://assets.scriptslug.com/live/pdf/scripts/highlander-ii-the-quickening-1991.pdf?v=1729114924,True
408,The Outsiders,https://www.scriptslug.com/script/the-outsiders-1983,https://assets.scriptslug.com/live/pdf/scripts/the-outsiders-1983.pdf?v=1729115034,True
409,101 Dalmations,https://www.scriptslug.com/script/101-dalmations-1996,https://assets.scriptslug.com/live/pdf/scripts/101-dalmations-1996.pdf?v=1729114847,True
410,MIssionImpossible - Rogue Nation,https://www.scriptslug.com/script/mission-impossible-rogue-nation-2015,https://assets.scriptslug.com/live/pdf/scripts/mission-impossible-rogue-nation-2015.pdf?v=1729114955,True
411,Black BirdPilot,https://www.scriptslug.com/script/black-bird-101-pilot-2022,https://assets.scriptslug.com/live/pdf/scripts/black-bird-101-pilot-2022.pdf?v=1729114872,True
412,Ninja Assassin,https://www.scriptslug.com/script/ninja-assassin-2009,https://assets.scriptslug.com/live/pdf/scripts/ninja-assassin-2009.pdf?v=1729114962,True
413,Ace VenturaPet Detective,https://www.scriptslug.com/script/ace-ventura-pet-detective-1994,https://assets.scriptslug.com/live/pdf/scripts/ace-ventura-pet-detective-1994.pdf?v=1729114854,True
414,The BearSystem,https://www.scriptslug.com/script/the-bear-101-system-2022,https://assets.scriptslug.com/live/pdf/scripts/the-bear-101-system-2022.pdf?v=1729115008,True
415,YellowstoneHalf the Money,https://www.scriptslug.com/script/yellowstone-401-half-the-money-2021,https://assets.scriptslug.com/live/pdf/scripts/yellowstone-401-half-the-money-2021.pdf?v=1729115065,True
416,The Lego Movie,https://www.scriptslug.com/script/the-lego-movie-2014,https://assets.scriptslug.com/live/pdf/scripts/the-lego-movie-2014.pdf?v=1729115026,True
417,The SopranosCollege,https://www.scriptslug.com/script/the-sopranos-105-college-1999,https://assets.scriptslug.com/live/pdf/scripts/the-sopranos-105-college-1999.pdf?v=1729115039,True
418,Orphan,https://www.scriptslug.com/script/orphan-2008,https://assets.scriptslug.com/live/pdf/scripts/orphan-2008.pdf?v=1729114966,True
419,Body Heat,https://www.scriptslug.com/script/body-heat-1981,https://assets.scriptslug.com/live/pdf/scripts/body-heat-1981.pdf?v=1729114875,True
420,Not Easily Broken,https://www.scriptslug.com/script/not-easily-broken-2009,https://assets.scriptslug.com/live/pdf/scripts/not-easily-broken-2009.pdf?v=1729114963,True
421,The Curious Case of Benjamin Button,https://www.scriptslug.com/script/the-curious-case-of-benjamin-button-2008,https://assets.scriptslug.com/live/pdf/scripts/the-curious-case-of-benjamin-button-2008.pdf?v=1729115012,True
422,Air Force One,https://www.scriptslug.com/script/air-force-one-1997,https://assets.scriptslug.com/live/pdf/scripts/air-force-one-1997.pdf?v=1729114855,True
423,Broken Arrow,https://www.scriptslug.com/script/broken-arrow-1996,https://assets.scriptslug.com/live/pdf/scripts/broken-arrow-1996.pdf?v=1729114880,True
424,AVPAlien vs. Predator,https://www.scriptslug.com/script/avp-alien-vs-predator-2004,https://assets.scriptslug.com/live/pdf/scripts/avp-alien-vs-predator-2004.pdf?v=1729114864,True
425,Predator 2,https://www.scriptslug.com/script/predator-2-1990,https://assets.scriptslug.com/live/pdf/scripts/predator-2-1990.pdf?v=1729114973,True
426,Dances with Wolves,https://www.scriptslug.com/script/dances-with-wolves-1990,https://assets.scriptslug.com/live/pdf/scripts/dances-with-wolves-1990.pdf?v=1729114892,True
427,Commando,https://www.scriptslug.com/script/commando-1985,https://assets.scriptslug.com/live/pdf/scripts/commando-1985.pdf?v=1729114889,True
428,The Exorcist III,https://www.scriptslug.com/script/the-exorcist-iii-1990,https://assets.scriptslug.com/live/pdf/scripts/the-exorcist-iii-1990.pdf?v=1729115015,True
429,Exorcist IIThe Heretic,https://www.scriptslug.com/script/exorcist-ii-the-heretic-1977,https://assets.scriptslug.com/live/pdf/scripts/exorcist-ii-the-heretic-1977.pdf?v=1729114905,True
430,The Sopranos46 Long,https://www.scriptslug.com/script/the-sopranos-102-46-long-1999,https://assets.scriptslug.com/live/pdf/scripts/the-sopranos-102-46-long-1999.pdf?v=1729115039,True
431,Tin Men,https://www.scriptslug.com/script/tin-men-1987,https://assets.scriptslug.com/live/pdf/scripts/tin-men-1987.pdf?v=1729115049,True
432,The Road Warrior,https://www.scriptslug.com/script/the-road-warrior-1981,https://assets.scriptslug.com/live/pdf/scripts/the-road-warrior-1981.pdf?v=1729115036,True
433,The SopranosPax Soprano,https://www.scriptslug.com/script/the-sopranos-106-pax-soprano-1999,https://assets.scriptslug.com/live/pdf/scripts/the-sopranos-106-pax-soprano-1999.pdf?v=1729115039,True
434,The Warriors,https://www.scriptslug.com/script/the-warriors-1979,https://assets.scriptslug.com/live/pdf/scripts/the-warriors-1979.pdf?v=1729115043,True
435,Meatballs,https://www.scriptslug.com/script/meatballs-1979,https://assets.scriptslug.com/live/pdf/scripts/meatballs-1979.pdf?v=1729114951,True
436,My Demon Lover,https://www.scriptslug.com/script/my-demon-lover-1987,https://assets.scriptslug.com/live/pdf/scripts/my-demon-lover-1987.pdf?v=1729114959,True
437,Midnight MassRevelation,https://www.scriptslug.com/script/midnight-mass-107-revelation-2021,https://assets.scriptslug.com/live/pdf/scripts/midnight-mass-107-revelation-2021.pdf?v=1729114953,True
438,Midnight MassGospel,https://www.scriptslug.com/script/midnight-mass-105-gospel-2021,https://assets.scriptslug.com/live/pdf/scripts/midnight-mass-105-gospel-2021.pdf?v=1729114952,True
439,Insomnia,https://www.scriptslug.com/script/insomnia-2002,https://assets.scriptslug.com/live/pdf/scripts/insomnia-2002.pdf?v=1729114931,True
440,Pariah,https://www.scriptslug.com/script/pariah-2011,https://assets.scriptslug.com/live/pdf/scripts/pariah-2011.pdf?v=1729114968,True
441,213,https://www.scriptslug.com/script/213-2009,https://assets.scriptslug.com/live/pdf/scripts/2-13-2009.pdf?v=1729114848,True
442,Another 48 Hrs.,https://www.scriptslug.com/script/another-48-hrs-1990,https://assets.scriptslug.com/live/pdf/scripts/another-48-hrs-1990.pdf?v=1729114861,True
443,Lovecraft CountryHoly Ghost,https://www.scriptslug.com/script/lovecraft-country-103-holy-ghost-2020,https://assets.scriptslug.com/live/pdf/scripts/lovecraft-country-103-holy-ghost-2020.pdf?v=1729114945,True
444,Prometheus,https://www.scriptslug.com/script/prometheus-2012,https://assets.scriptslug.com/live/pdf/scripts/prometheus-2012.pdf?v=1729114974,True
445,Severance,https://www.scriptslug.com/script/severance-2006,https://assets.scriptslug.com/live/pdf/scripts/severance-2006.pdf?v=1729114987,True
446,YellowjacketsPilot,https://www.scriptslug.com/script/yellowjackets-101-pilot-2021,https://assets.scriptslug.com/live/pdf/scripts/yellowjackets-101-pilot-2021.pdf?v=1729115064,True
447,Memories of Murder,https://www.scriptslug.com/script/memories-of-murder-2003,https://assets.scriptslug.com/live/pdf/scripts/memories-of-murder-2003.pdf?v=1729114951,True
448,"The Man Who Fell to EarthHallo, Spaceboy",https://www.scriptslug.com/script/the-man-who-fell-to-earth-101-hallo-spaceboy-2022,https://assets.scriptslug.com/live/pdf/scripts/the-man-who-fell-to-earth-101-hallo-spaceboy-2022.pdf?v=1729115029,True
449,Monster's Ball,https://www.scriptslug.com/script/monsters-ball-2001,https://assets.scriptslug.com/live/pdf/scripts/monsters-ball-2001.pdf?v=1729114956,True
450,Midnight MassBook IV Lamentations,https://www.scriptslug.com/script/midnight-mass-104-book-iv-lamentations-2021,https://assets.scriptslug.com/live/pdf/scripts/midnight-mass-104-book-iv-lamentations-2021.pdf?v=1729114952,True
451,Police Academy 3Back in Training,https://www.scriptslug.com/script/police-academy-3-back-in-training-1986,https://assets.scriptslug.com/live/pdf/scripts/police-academy-3-back-in-training-1986.pdf?v=1729114972,True
452,Night of the Demons,https://www.scriptslug.com/script/night-of-the-demons-1988,https://assets.scriptslug.com/live/pdf/scripts/night-of-the-demons-1988.pdf?v=1729114961,True
453,Revenge of the Nerds,https://www.scriptslug.com/script/revenge-of-the-nerds-1984,https://assets.scriptslug.com/live/pdf/scripts/revenge-of-the-nerds-1984.pdf?v=1729114979,True
454,Swan Song,https://www.scriptslug.com/script/swan-song-2021,https://assets.scriptslug.com/live/pdf/scripts/swan-song-2021.pdf?v=1729115003,True
455,The Tender Bar,https://www.scriptslug.com/script/the-tender-bar-2021,https://assets.scriptslug.com/live/pdf/scripts/the-tender-bar-2021.pdf?v=1729115040,True
456,Mare of EasttownSacrament,https://www.scriptslug.com/script/mare-of-easttown-107-sacrament-2021,https://assets.scriptslug.com/live/pdf/scripts/mare-of-easttown-107-sacrament-2020.pdf?v=1729114949,True
457,Midnight MassBook III Proverbs,https://www.scriptslug.com/script/midnight-mass-103-book-iii-proverbs-2021,https://assets.scriptslug.com/live/pdf/scripts/midnight-mass-103-book-iii-proverbs-2021.pdf?v=1729114952,True
458,Like Father Like Son,https://www.scriptslug.com/script/like-father-like-son-1987,https://assets.scriptslug.com/live/pdf/scripts/like-father-like-son-1987.pdf?v=1729114942,True
459,Porky's Revenge,https://www.scriptslug.com/script/porkys-revenge-1985,https://assets.scriptslug.com/live/pdf/scripts/porkys-revenge-1985.pdf?v=1729114973,True
460,Never Rarely Sometimes Always,https://www.scriptslug.com/script/never-rarely-sometimes-always-2020,https://assets.scriptslug.com/live/pdf/scripts/never-rarely-sometimes-always-2020.pdf?v=1729114961,True
461,Red Rocket,https://www.scriptslug.com/script/red-rocket-2021,https://assets.scriptslug.com/live/pdf/scripts/red-rocket-2021.pdf?v=1729114978,True
462,Midnight Run,https://www.scriptslug.com/script/midnight-run-1988,https://assets.scriptslug.com/live/pdf/scripts/midnight-run-1988.pdf?v=1729114953,True
463,SeveranceGood News About Hell,https://www.scriptslug.com/script/severance-101-good-news-about-hell-2022,https://assets.scriptslug.com/live/pdf/scripts/severance-101-good-news-about-hell-2022.pdf?v=1729114987,True
464,Police Academy 2Their First Assignment,https://www.scriptslug.com/script/police-academy-2-their-first-assignment-1985,https://assets.scriptslug.com/live/pdf/scripts/police-academy-2-the-first-assignment-1985.pdf?v=1729114972,True
465,Live Free or Die Hard,https://www.scriptslug.com/script/live-free-or-die-hard-2007,https://assets.scriptslug.com/live/pdf/scripts/life-free-or-die-hard-2007.pdf?v=1729114941,True
466,Big,https://www.scriptslug.com/script/big-1988,https://assets.scriptslug.com/live/pdf/scripts/big-1988.pdf?v=1729114870,True
467,Purple Rain,https://www.scriptslug.com/script/purple-rain-1984,https://assets.scriptslug.com/live/pdf/scripts/purple-rain-1984.pdf?v=1729114975,True
468,Gattaca,https://www.scriptslug.com/script/gattaca-1997,https://assets.scriptslug.com/live/pdf/scripts/gattaca-1997.pdf?v=1729114915,True
469,22 Jump Street,https://www.scriptslug.com/script/22-jump-street-2014,https://assets.scriptslug.com/live/pdf/scripts/22-jump-street-2014.pdf?v=1729114849,True
470,Darkman,https://www.scriptslug.com/script/darkman-1990,https://assets.scriptslug.com/live/pdf/scripts/darkman-1990.pdf?v=1729114893,True
471,The Matador,https://www.scriptslug.com/script/the-matador-2005,https://assets.scriptslug.com/live/pdf/scripts/the-matador-2005.pdf?v=1729115029,True
472,Catch Me If You Can,https://www.scriptslug.com/script/catch-me-if-you-can-2002,https://assets.scriptslug.com/live/pdf/scripts/catch-me-if-you-can-2002.pdf?v=1729114884,True
473,Critters,https://www.scriptslug.com/script/critters-1986,https://assets.scriptslug.com/live/pdf/scripts/critters-1986.pdf?v=1729114892,True
474,1408,https://www.scriptslug.com/script/1408-2007,https://assets.scriptslug.com/live/pdf/scripts/1408-2007.pdf?v=1729114848,True
475,RoboCop,https://www.scriptslug.com/script/robocop-1987,https://assets.scriptslug.com/live/pdf/scripts/robocop-1987.pdf?v=1729114980,True
476,Rush Hour,https://www.scriptslug.com/script/rush-hour-1998,https://assets.scriptslug.com/live/pdf/scripts/rush-hour-1998.pdf?v=1729114982,True
477,Hangin' with the Homeboys,https://www.scriptslug.com/script/hangin-with-the-homeboys-1991,https://assets.scriptslug.com/live/pdf/scripts/hangin-with-the-homeboys-1991.pdf?v=1729114921,True
478,Lovecraft CountryStrange Case,https://www.scriptslug.com/script/lovecraft-country-105-strange-case-2020,https://assets.scriptslug.com/live/pdf/scripts/lovecraft-country-105-strange-case-2020.pdf?v=1729114945,True
479,Leprechaun,https://www.scriptslug.com/script/leprechaun-1993,https://assets.scriptslug.com/live/pdf/scripts/leprechaun-1993.pdf?v=1729114941,True
480,The Frightmare Theatre PodcastThe Unfinished Blessing,https://www.scriptslug.com/script/frightmare-theatre-104-the-unfinished-blessing-2019,https://assets.scriptslug.com/live/pdf/scripts/frightmare-theatre-104-the-unfinished-blessing-2020.pdf?v=1729114912,True
481,Rocky Balboa,https://www.scriptslug.com/script/rocky-balboa-2006,https://assets.scriptslug.com/live/pdf/scripts/rocky-balboa-2006.pdf?v=1729114980,True
482,Space Cowboys,https://www.scriptslug.com/script/space-cowboys-2000,https://assets.scriptslug.com/live/pdf/scripts/space-cowboys-2000.pdf?v=1729114993,True
483,Schindler's List,https://www.scriptslug.com/script/schindlers-list-1993,https://assets.scriptslug.com/live/pdf/scripts/schindlers-list-1993.pdf?v=1729114985,True
484,The Howling,https://www.scriptslug.com/script/the-howling-1981,https://assets.scriptslug.com/live/pdf/scripts/the-howling-1981.pdf?v=1729115022,True
485,Hustle & Flow,https://www.scriptslug.com/script/hustle-flow-2005,https://assets.scriptslug.com/live/pdf/scripts/hustle-and-flow-2005.pdf?v=1729114927,True
486,Kevin Can Fk HimselfLiving the Dream,https://www.scriptslug.com/script/kevin-can-f-k-himself-101-living-the-dream-2021,https://assets.scriptslug.com/live/pdf/scripts/kevin-can-f-k-himself-101-living-the-dream-2021.pdf?v=1729114935,True
487,Lovecraft CountryA History of Violence,https://www.scriptslug.com/script/lovecraft-country-104-a-history-of-violence-2020,https://assets.scriptslug.com/live/pdf/scripts/lovecraft-country-104-a-history-of-violence-2020.pdf?v=1729114945,True
488,Lovecraft CountryWhitey's on the Moon,https://www.scriptslug.com/script/lovecraft-country-102-whiteys-on-the-moon-2020,https://assets.scriptslug.com/live/pdf/scripts/lovecraft-country-102-whiteys-on-the-moon-2020.pdf?v=1729114945,True
489,Booty Call,https://www.scriptslug.com/script/booty-call-1997,https://assets.scriptslug.com/live/pdf/scripts/booty-call-1997.pdf?v=1729114876,True
490,Lovecraft CountrySundown,https://www.scriptslug.com/script/lovecraft-country-101-sundown-2020,https://assets.scriptslug.com/live/pdf/scripts/lovecraft-country-101-sundown-2020.pdf?v=1729114945,True
491,The AfterpartyAniq,https://www.scriptslug.com/script/the-afterparty-101-aniq-2022,https://assets.scriptslug.com/live/pdf/scripts/the-afterparty-101-aniq-2022.pdf?v=1729115006,True
492,Planet of the Apes,https://www.scriptslug.com/script/planet-of-the-apes-1968,https://assets.scriptslug.com/live/pdf/scripts/planet-of-the-apes-1968.pdf?v=1729114972,True
493,Sex Drive,https://www.scriptslug.com/script/sex-drive-2008,https://assets.scriptslug.com/live/pdf/scripts/sex-drive-2008.pdf?v=1729114987,True
494,The Twilight ZoneThe Lonely,https://www.scriptslug.com/script/the-twilight-zone-107-the-lonely-1959,https://assets.scriptslug.com/live/pdf/scripts/the-twilight-zone-107-the-lonely-1959.pdf?v=1729115042,True
495,The Rocketeer,https://www.scriptslug.com/script/the-rocketeer-1991,https://assets.scriptslug.com/live/pdf/scripts/the-rocketeer-1991.pdf?v=1729115036,True
496,Girl with the Pearl Earring,https://www.scriptslug.com/script/girl-with-the-pearl-earring-2003,https://assets.scriptslug.com/live/pdf/scripts/girl-with-the-pearl-earring-2003.pdf?v=1729114916,True
497,Memoirs of a Geisha,https://www.scriptslug.com/script/memoirs-of-a-geisha-2005,https://assets.scriptslug.com/live/pdf/scripts/memoirs-of-a-geisha-2005.pdf?v=1729114951,True
498,Rocky III,https://www.scriptslug.com/script/rocky-iii-1982,https://assets.scriptslug.com/live/pdf/scripts/rocky-iii-1982.pdf?v=1729114981,True
499,Rocky II,https://www.scriptslug.com/script/rocky-ii-1979,https://assets.scriptslug.com/live/pdf/scripts/rocky-ii-1979.pdf?v=1729114980,True
500,Rocky IV,https://www.scriptslug.com/script/rocky-iv-1985,https://assets.scriptslug.com/live/pdf/scripts/rocky-iv-1985.pdf?v=1729114981,True
501,Jack Reacher,https://www.scriptslug.com/script/jack-reacher-2012,https://assets.scriptslug.com/live/pdf/scripts/jack-reacher-2012.pdf?v=1729114932,True
502,Wild at Heart,https://www.scriptslug.com/script/wild-at-heart-1990,https://assets.scriptslug.com/live/pdf/scripts/wild-at-heart-1990.pdf?v=1729115062,True
503,The Karate Kid Part III,https://www.scriptslug.com/script/the-karate-kid-part-iii-1989,https://assets.scriptslug.com/live/pdf/scripts/the-karate-kid-part-iii-1989.pdf?v=1729115024,True
504,Which Way is Up,https://www.scriptslug.com/script/which-way-is-up-1977,https://assets.scriptslug.com/live/pdf/scripts/which-way-is-up-1977.pdf?v=1729115061,True
505,The Lost Boys,https://www.scriptslug.com/script/the-lost-boys-1987,https://assets.scriptslug.com/live/pdf/scripts/the-lost-boys-1987.pdf?v=1729115028,True
506,The Card Counter,https://www.scriptslug.com/script/the-card-counter-2021,https://assets.scriptslug.com/live/pdf/scripts/the-card-counter-2021.pdf?v=1729115011,True
507,Cobra KaiDecember 19,https://www.scriptslug.com/script/cobra-kai-310-december-19-2021,https://assets.scriptslug.com/live/pdf/scripts/cobra-kai-310-december-19-2021.pdf?v=1729114888,True
508,The Boss Baby Family Business,https://www.scriptslug.com/script/the-boss-baby-family-business-2021,https://assets.scriptslug.com/live/pdf/scripts/the-boss-baby-family-business-2021.pdf?v=1729115010,True
509,The Adventures of Ford Fairlane,https://www.scriptslug.com/script/the-adventures-of-ford-fairlane-1990,https://assets.scriptslug.com/live/pdf/scripts/the-adventures-of-ford-fairlane-1990.pdf?v=1729115006,True
510,Raya and the Last Dragon,https://www.scriptslug.com/script/raya-and-the-last-dragon-2021,https://assets.scriptslug.com/live/pdf/scripts/raya-and-the-last-dragon-2021.pdf?v=1729114977,True
